,PCA1,PCA1,Max_Topic
0,-0.009058251851262834,-0.009058251851262834,3
1,-0.017103768309288933,-0.017103768309288933,0
2,0.035095983975939514,0.035095983975939514,0
3,0.04635968125733619,0.04635968125733619,0
4,-0.008782157309390597,-0.008782157309390597,0
5,-0.01251756696099976,-0.01251756696099976,0
6,0.028821120581382666,0.028821120581382666,0
7,0.08949921779827129,0.08949921779827129,0
8,-0.02329250966596076,-0.02329250966596076,3
9,0.1822668248363856,0.1822668248363856,1
10,0.10227745133019604,0.10227745133019604,0
11,0.038252371357445476,0.038252371357445476,0
12,0.013814937635644531,0.013814937635644531,0
13,0.05060581577616433,0.05060581577616433,0
14,0.05300713607970924,0.05300713607970924,4
15,0.14546437947631,0.14546437947631,1
16,-0.017555041374774063,-0.017555041374774063,0
17,-0.0849239309254635,-0.0849239309254635,2
18,-0.04902543680703569,-0.04902543680703569,0
19,-0.09506703801551354,-0.09506703801551354,0
20,-0.014392392173447574,-0.014392392173447574,0
21,-0.05580849581468255,-0.05580849581468255,0
22,0.0025387507818169985,0.0025387507818169985,0
23,-0.017679006544836947,-0.017679006544836947,0
24,-0.05150166054025695,-0.05150166054025695,0
25,-0.0012215932100635512,-0.0012215932100635512,0
26,0.1191129588104332,0.1191129588104332,0
27,0.019881089589922945,0.019881089589922945,0
28,-0.2015959308110127,-0.2015959308110127,2
29,0.05136156727368579,0.05136156727368579,0
30,0.01107774098409036,0.01107774098409036,0
31,-0.023508133437196984,-0.023508133437196984,0
32,-0.1649280775553842,-0.1649280775553842,0
33,0.00126273587192428,0.00126273587192428,0
34,0.22020353326990968,0.22020353326990968,1
35,0.3035064921395977,0.3035064921395977,0
36,-0.10407709167499779,-0.10407709167499779,0
37,0.1362845068374171,0.1362845068374171,0
38,0.1625728674461208,0.1625728674461208,1
39,0.019271270782914726,0.019271270782914726,0
40,-0.03331000726082013,-0.03331000726082013,0
41,-0.010216060276571112,-0.010216060276571112,0
42,-0.0043581919184172676,-0.0043581919184172676,4
43,0.22664234298628164,0.22664234298628164,1
44,0.0116442149860527,0.0116442149860527,0
45,-0.10239697959593598,-0.10239697959593598,0
46,0.0249912626251375,0.0249912626251375,0
47,0.053231037952181565,0.053231037952181565,0
48,0.048308412556941675,0.048308412556941675,4
49,-0.09887636949177271,-0.09887636949177271,0
50,0.07876505720694853,0.07876505720694853,4
51,0.021006678194771984,0.021006678194771984,0
52,-0.01815489733548642,-0.01815489733548642,0
53,0.01643414335973136,0.01643414335973136,4
54,-0.09757825716922337,-0.09757825716922337,0
55,-0.06242010905955014,-0.06242010905955014,0
56,0.022651526868266516,0.022651526868266516,0
57,0.01955691759171355,0.01955691759171355,0
58,0.08121299883993081,0.08121299883993081,0
59,-0.05144362044015379,-0.05144362044015379,0
60,-0.04320068554870443,-0.04320068554870443,0
61,-0.05396308624810703,-0.05396308624810703,0
62,-0.1007579812059608,-0.1007579812059608,4
63,-0.028269767456633694,-0.028269767456633694,0
64,0.001278611669086245,0.001278611669086245,0
65,-0.009799517694076257,-0.009799517694076257,4
66,-0.0007078048749943109,-0.0007078048749943109,0
67,-0.0022110488089471495,-0.0022110488089471495,0
68,-0.10106512327117445,-0.10106512327117445,0
69,-0.0645242117977395,-0.0645242117977395,0
70,0.030224171305817962,0.030224171305817962,0
71,0.004430993466834346,0.004430993466834346,0
72,-0.02803222847720387,-0.02803222847720387,0
73,-0.043756054154545525,-0.043756054154545525,0
74,-0.07753633535643592,-0.07753633535643592,0
75,-0.028190544574161237,-0.028190544574161237,0
76,0.005853732521902705,0.005853732521902705,2
77,-0.030502604206338765,-0.030502604206338765,0
78,0.004852109925432334,0.004852109925432334,0
79,-0.04758437709911068,-0.04758437709911068,0
80,0.1913422470166523,0.1913422470166523,1
81,-0.14140929724280563,-0.14140929724280563,0
82,-0.033103185442621565,-0.033103185442621565,4
83,0.03649569192431708,0.03649569192431708,0
84,0.1497244121978529,0.1497244121978529,0
85,-0.07669799597611665,-0.07669799597611665,0
86,0.0007913594345685119,0.0007913594345685119,0
87,0.11003213152938471,0.11003213152938471,0
88,-0.04095501071858761,-0.04095501071858761,3
89,-0.1657566150478321,-0.1657566150478321,0
90,-0.09539808003844077,-0.09539808003844077,0
91,0.1298529163729711,0.1298529163729711,2
92,-0.18574376548259516,-0.18574376548259516,0
93,0.12951516874860827,0.12951516874860827,0
94,0.018345855481268505,0.018345855481268505,0
95,0.007214829940909166,0.007214829940909166,0
96,0.06884809064883221,0.06884809064883221,0
97,-0.008457679105472083,-0.008457679105472083,0
98,0.008955185243935352,0.008955185243935352,0
99,0.0666967541487871,0.0666967541487871,0
100,-0.04393677903300578,-0.04393677903300578,0
101,-0.0038148910929480763,-0.0038148910929480763,0
102,-0.09787985390330581,-0.09787985390330581,3
103,-0.047988963436595186,-0.047988963436595186,0
104,-0.1983314101849784,-0.1983314101849784,2
105,-0.11138315713426383,-0.11138315713426383,0
106,0.15822099692884484,0.15822099692884484,0
107,0.007210371541891634,0.007210371541891634,0
108,0.1696899441152448,0.1696899441152448,0
109,0.05021745662346994,0.05021745662346994,4
110,0.04743037907533056,0.04743037907533056,0
111,-0.05013105186083242,-0.05013105186083242,0
112,0.15656558465619774,0.15656558465619774,1
113,-0.0237970683831547,-0.0237970683831547,0
114,-0.12004721607671795,-0.12004721607671795,2
115,-0.021060135363023983,-0.021060135363023983,0
116,-0.10348306121229031,-0.10348306121229031,0
117,-0.03114184285416996,-0.03114184285416996,2
118,-0.09310333732514464,-0.09310333732514464,4
119,-0.03947480322625826,-0.03947480322625826,0
120,0.015790705136003978,0.015790705136003978,3
121,-0.13843062240171145,-0.13843062240171145,0
122,-0.008461411483771747,-0.008461411483771747,0
123,-0.05738777455748773,-0.05738777455748773,0
124,-0.026550852683980792,-0.026550852683980792,0
125,0.12135158977055072,0.12135158977055072,0
126,-0.020754172035812174,-0.020754172035812174,0
127,-0.05420032145902291,-0.05420032145902291,0
128,-0.07378997126238832,-0.07378997126238832,0
129,-0.025409465914126492,-0.025409465914126492,3
130,0.019467043355742206,0.019467043355742206,4
131,-0.10143541769097032,-0.10143541769097032,0
132,-0.08972409745365767,-0.08972409745365767,0
133,0.14508332674163432,0.14508332674163432,1
134,-0.060208000018167104,-0.060208000018167104,0
135,0.031116839397096,0.031116839397096,0
136,-0.05668206302955394,-0.05668206302955394,0
137,-0.03465697276328737,-0.03465697276328737,0
138,0.15198574166391896,0.15198574166391896,1
139,-0.17885234043493695,-0.17885234043493695,0
140,-0.06301087875252559,-0.06301087875252559,0
141,0.4180807667042226,0.4180807667042226,1
142,-0.05090713396585983,-0.05090713396585983,0
143,-0.0024723956503832872,-0.0024723956503832872,0
144,0.10177890544495181,0.10177890544495181,0
145,-0.028994856749626267,-0.028994856749626267,0
146,0.173318904718563,0.173318904718563,0
147,-0.1200840912257783,-0.1200840912257783,0
148,-0.05668866861261218,-0.05668866861261218,0
149,0.02263066460042137,0.02263066460042137,0
150,0.04201942663153634,0.04201942663153634,0
151,-0.08535696506345679,-0.08535696506345679,0
152,0.0823804179253373,0.0823804179253373,0
153,-0.050576636632042836,-0.050576636632042836,0
154,-0.06274197442835629,-0.06274197442835629,0
155,0.09096474625244828,0.09096474625244828,0
156,0.053664909063986216,0.053664909063986216,0
157,-0.07313898205068604,-0.07313898205068604,0
158,-0.1269863912839441,-0.1269863912839441,0
159,0.028499447016698286,0.028499447016698286,0
160,-0.02152186974200019,-0.02152186974200019,0
161,0.14958166451330487,0.14958166451330487,0
162,-0.032565295086731214,-0.032565295086731214,0
163,-0.03285231076260146,-0.03285231076260146,0
164,-0.06534240296861939,-0.06534240296861939,0
165,0.0005829382348705856,0.0005829382348705856,0
166,-0.03308947271169693,-0.03308947271169693,3
167,-0.06866174051434402,-0.06866174051434402,0
168,-0.029171521148159168,-0.029171521148159168,0
169,-0.02933088314789356,-0.02933088314789356,0
170,0.0591853934612132,0.0591853934612132,3
171,-0.14939528387359488,-0.14939528387359488,0
172,-0.05344567122563899,-0.05344567122563899,0
173,-0.22139984588388464,-0.22139984588388464,0
174,0.0007941409249375308,0.0007941409249375308,0
175,0.005353791791184526,0.005353791791184526,0
176,-0.013298623550701716,-0.013298623550701716,0
177,-0.04738216984421012,-0.04738216984421012,0
178,-0.015332636908672231,-0.015332636908672231,0
179,0.05360793250681051,0.05360793250681051,0
180,-0.019032758297710523,-0.019032758297710523,0
181,-0.030174143848618742,-0.030174143848618742,0
182,-0.11673070005583615,-0.11673070005583615,0
183,-0.08807323356043625,-0.08807323356043625,2
184,-0.0850465371914643,-0.0850465371914643,0
185,-0.2342392637522512,-0.2342392637522512,2
186,0.0855693773125417,0.0855693773125417,0
187,-0.11257258123011062,-0.11257258123011062,0
188,-0.15969840433997623,-0.15969840433997623,0
189,0.15472200185023072,0.15472200185023072,0
190,0.23011554969516132,0.23011554969516132,1
191,-0.042480596333817955,-0.042480596333817955,0
192,-0.07279430438914536,-0.07279430438914536,0
193,-0.15532743046657263,-0.15532743046657263,0
194,0.08465300503214696,0.08465300503214696,0
195,-0.07123336142111357,-0.07123336142111357,0
196,-0.028980677010412084,-0.028980677010412084,0
197,0.14359055157838269,0.14359055157838269,0
198,-0.06962665611822101,-0.06962665611822101,0
199,-0.08793807701912108,-0.08793807701912108,0
200,-0.07564164149480643,-0.07564164149480643,0
201,0.03110668346277205,0.03110668346277205,0
202,-0.04614427911929546,-0.04614427911929546,0
203,-0.05196144562923857,-0.05196144562923857,0
204,-0.24549974307041791,-0.24549974307041791,0
205,-0.004629531882416478,-0.004629531882416478,0
206,-0.1504955428551826,-0.1504955428551826,0
207,0.00774511693097977,0.00774511693097977,3
208,-0.10117427316886113,-0.10117427316886113,0
209,0.026088372568025976,0.026088372568025976,0
210,0.07818176857117824,0.07818176857117824,4
211,0.0789892693787577,0.0789892693787577,0
212,-0.017114705099895,-0.017114705099895,0
213,0.04236086706169323,0.04236086706169323,0
214,0.14711561525950817,0.14711561525950817,0
215,0.008605356452280565,0.008605356452280565,0
216,-0.03160139314699311,-0.03160139314699311,0
217,0.04240729677460221,0.04240729677460221,0
218,0.11251824821268372,0.11251824821268372,0
219,-0.1001740905877058,-0.1001740905877058,0
220,-0.08659186134193719,-0.08659186134193719,2
221,-0.009270971183685387,-0.009270971183685387,0
222,-0.15550816600837256,-0.15550816600837256,2
223,-0.03560877423274113,-0.03560877423274113,0
224,-0.011662746986563766,-0.011662746986563766,0
225,0.05177166579720763,0.05177166579720763,0
226,-0.018405644455669532,-0.018405644455669532,3
227,0.07307704150996285,0.07307704150996285,0
228,-0.07283169571973044,-0.07283169571973044,4
229,-0.04033183585470089,-0.04033183585470089,0
230,-0.27324297047924645,-0.27324297047924645,0
231,-0.1331213458633391,-0.1331213458633391,0
232,-0.17978776724573034,-0.17978776724573034,0
233,-0.033033647890701553,-0.033033647890701553,0
234,-0.004138473497995868,-0.004138473497995868,0
235,0.21610228392639447,0.21610228392639447,1
236,0.04654688916833126,0.04654688916833126,0
237,0.10358110627262378,0.10358110627262378,0
238,-0.0022967884681634283,-0.0022967884681634283,0
239,0.1870078805745034,0.1870078805745034,0
240,0.020109988250777384,0.020109988250777384,0
241,0.02412341571585817,0.02412341571585817,0
242,-0.12398082879000044,-0.12398082879000044,0
243,-0.029540515215436436,-0.029540515215436436,0
244,-0.021181088364051387,-0.021181088364051387,3
245,0.05774330651179913,0.05774330651179913,4
246,-0.04757588841695389,-0.04757588841695389,0
247,0.21056767270539722,0.21056767270539722,3
248,0.044643641481799855,0.044643641481799855,4
249,-0.050778532822667484,-0.050778532822667484,0
250,-0.018158338274928364,-0.018158338274928364,0
251,-0.011456028221716878,-0.011456028221716878,0
252,-0.0727113783602718,-0.0727113783602718,0
253,-0.05614603890208852,-0.05614603890208852,0
254,0.01041779976826327,0.01041779976826327,0
255,-0.011864252403694132,-0.011864252403694132,0
256,0.1194026825713701,0.1194026825713701,4
257,-0.12010192704631235,-0.12010192704631235,0
258,0.4055160547671782,0.4055160547671782,1
259,-0.060370216980211035,-0.060370216980211035,0
260,-0.01870532278389989,-0.01870532278389989,0
261,-0.1980381841651051,-0.1980381841651051,0
262,-0.026497628273837493,-0.026497628273837493,0
263,-0.09057878728429247,-0.09057878728429247,0
264,0.0001643533806208888,0.0001643533806208888,0
265,0.4402754848120929,0.4402754848120929,1
266,0.13666805611308297,0.13666805611308297,0
267,0.02237919977618684,0.02237919977618684,0
268,-0.08166297428974235,-0.08166297428974235,0
269,-0.05496428683029445,-0.05496428683029445,3
270,0.10543436094970518,0.10543436094970518,0
271,-0.020449586656671674,-0.020449586656671674,0
272,0.03534135769861743,0.03534135769861743,0
273,0.01328518434053487,0.01328518434053487,3
274,-0.15968663372789682,-0.15968663372789682,0
275,-0.012944237684277732,-0.012944237684277732,0
276,0.1467958734868109,0.1467958734868109,0
277,0.00585630393231977,0.00585630393231977,0
278,0.038171277186141425,0.038171277186141425,0
279,0.027075408778501182,0.027075408778501182,0
280,-0.06611994657069557,-0.06611994657069557,0
281,-0.06239167164570883,-0.06239167164570883,2
282,0.00695369421455457,0.00695369421455457,4
283,0.05642236483121097,0.05642236483121097,0
284,0.09053842085328384,0.09053842085328384,0
285,0.2171568239452099,0.2171568239452099,0
286,0.1724384515032688,0.1724384515032688,2
287,-0.26451858193749045,-0.26451858193749045,2
288,0.053305173304932264,0.053305173304932264,0
289,-0.11935625907729866,-0.11935625907729866,0
290,0.18271799851807397,0.18271799851807397,0
291,-0.04927761340539818,-0.04927761340539818,3
292,0.015005587300817688,0.015005587300817688,4
293,0.07867418623726846,0.07867418623726846,0
294,0.016489346009891253,0.016489346009891253,3
295,-0.018616481921396567,-0.018616481921396567,0
296,-0.06932528521317795,-0.06932528521317795,0
297,-0.01008979847914179,-0.01008979847914179,0
298,-0.12825765926387478,-0.12825765926387478,0
299,0.07955954992410073,0.07955954992410073,2
300,0.09527276311129161,0.09527276311129161,0
301,-0.04656828147438608,-0.04656828147438608,0
302,-0.07182911582602143,-0.07182911582602143,0
303,-0.14806430443390614,-0.14806430443390614,0
304,-0.10083337397016565,-0.10083337397016565,0
305,0.18936573575387988,0.18936573575387988,1
306,0.19934672595141253,0.19934672595141253,0
307,-0.004495120144455139,-0.004495120144455139,0
308,-0.0350795175670643,-0.0350795175670643,0
309,-0.01929220088210926,-0.01929220088210926,0
310,-0.020099800754929033,-0.020099800754929033,3
311,-0.14665497090015348,-0.14665497090015348,0
312,-0.1412386545800476,-0.1412386545800476,0
313,0.0751651582888639,0.0751651582888639,0
314,-0.07222929371882462,-0.07222929371882462,3
315,0.0749137856204532,0.0749137856204532,0
316,-0.08466795006059681,-0.08466795006059681,0
317,0.16266286671505772,0.16266286671505772,1
318,-0.1025070698510616,-0.1025070698510616,2
319,0.17357364193459088,0.17357364193459088,0
320,-0.07668895791581772,-0.07668895791581772,4
321,-0.03808201555557774,-0.03808201555557774,0
322,-0.022415926484238458,-0.022415926484238458,4
323,0.032597021161297195,0.032597021161297195,0
324,0.027588142632585935,0.027588142632585935,3
325,-0.051040398934284296,-0.051040398934284296,0
326,0.004345971499250464,0.004345971499250464,3
327,-0.02993608459454476,-0.02993608459454476,4
328,-0.04016515851798453,-0.04016515851798453,4
329,0.021436677013847178,0.021436677013847178,0
330,-0.008271199297368387,-0.008271199297368387,0
331,0.03515245733656774,0.03515245733656774,4
332,-0.008435566782118374,-0.008435566782118374,0
333,-0.08347930941701084,-0.08347930941701084,0
334,-0.01024010065062923,-0.01024010065062923,0
335,-0.09632571107739563,-0.09632571107739563,0
336,-0.1902416675765513,-0.1902416675765513,0
337,0.12570296651685214,0.12570296651685214,0
338,0.01678753824615067,0.01678753824615067,0
339,-0.0028019465266039692,-0.0028019465266039692,0
340,-0.021128922141137194,-0.021128922141137194,3
341,0.012903365842733893,0.012903365842733893,0
342,0.16213297329063855,0.16213297329063855,0
343,-0.025415179042047632,-0.025415179042047632,0
344,0.05066661232813954,0.05066661232813954,0
345,-0.03352918912491725,-0.03352918912491725,0
346,-0.026431642875137804,-0.026431642875137804,0
347,-0.051793030113935754,-0.051793030113935754,0
348,0.0942211010002093,0.0942211010002093,0
349,0.004941919130021911,0.004941919130021911,0
350,-0.05576248825865296,-0.05576248825865296,0
351,-0.004989263252278971,-0.004989263252278971,0
352,0.02170528740136207,0.02170528740136207,0
353,0.015771807727166097,0.015771807727166097,0
354,0.07319083995025664,0.07319083995025664,0
355,0.004967790234560041,0.004967790234560041,0
356,0.051713005270769885,0.051713005270769885,0
357,-0.051235363001202294,-0.051235363001202294,2
358,0.018525161973774094,0.018525161973774094,0
359,0.03004541864240218,0.03004541864240218,3
360,0.03581294479826492,0.03581294479826492,0
361,-0.12916752418801533,-0.12916752418801533,0
362,-0.06592080733305669,-0.06592080733305669,0
363,0.07915782934564788,0.07915782934564788,3
364,0.075148422805128,0.075148422805128,0
365,0.012286194565790215,0.012286194565790215,0
366,-0.033368329817104865,-0.033368329817104865,0
367,-0.06687588362796619,-0.06687588362796619,3
368,0.14175173942831562,0.14175173942831562,0
369,-0.11764572723688306,-0.11764572723688306,0
370,-0.0329111856727387,-0.0329111856727387,0
371,-0.0262842332812356,-0.0262842332812356,3
372,-0.01437088944723575,-0.01437088944723575,4
373,0.028467031071098173,0.028467031071098173,0
374,0.16213305137554415,0.16213305137554415,1
375,-0.026477264053088423,-0.026477264053088423,0
376,-0.009229952970060785,-0.009229952970060785,0
377,-0.02857591849883147,-0.02857591849883147,0
378,-0.06269040200186873,-0.06269040200186873,2
379,-0.018965331758456796,-0.018965331758456796,0
380,-0.09284685840962965,-0.09284685840962965,0
381,-0.049352806938981704,-0.049352806938981704,0
382,-0.004939473055560624,-0.004939473055560624,0
383,0.018371964628979318,0.018371964628979318,4
384,0.01597115853264326,0.01597115853264326,0
385,0.0577739060187784,0.0577739060187784,0
386,0.027055330329594805,0.027055330329594805,0
387,-0.06972919465461394,-0.06972919465461394,0
388,0.3074240776165657,0.3074240776165657,1
389,-0.010794858485625865,-0.010794858485625865,3
390,0.14722133756369632,0.14722133756369632,1
391,0.00546826104189156,0.00546826104189156,0
392,0.011419890328287797,0.011419890328287797,3
393,-0.10916420249652684,-0.10916420249652684,0
394,-0.029364936256215255,-0.029364936256215255,4
395,0.08996965028532646,0.08996965028532646,0
396,-0.05560298185331236,-0.05560298185331236,0
397,0.026981330861785693,0.026981330861785693,0
398,-0.010143342727069262,-0.010143342727069262,0
399,0.15600114912528582,0.15600114912528582,0
400,-0.0374091559604458,-0.0374091559604458,0
401,-0.066711218180037,-0.066711218180037,0
402,-0.05658175436039618,-0.05658175436039618,0
403,-0.015404257202255182,-0.015404257202255182,0
404,-0.0060385284850579275,-0.0060385284850579275,0
405,0.05772511301436122,0.05772511301436122,3
406,-0.02495854977604237,-0.02495854977604237,0
407,-0.041423262132531176,-0.041423262132531176,0
408,0.1590019601998801,0.1590019601998801,0
409,0.14890719891509854,0.14890719891509854,2
410,0.05735572835663476,0.05735572835663476,4
411,-0.0644735047488746,-0.0644735047488746,0
412,-0.017797562307787815,-0.017797562307787815,0
413,-0.029542665428130666,-0.029542665428130666,0
414,0.12188404085864273,0.12188404085864273,0
415,0.12329693904809332,0.12329693904809332,1
416,0.21817630653468562,0.21817630653468562,1
417,0.04128201724920234,0.04128201724920234,0
418,-0.016721431299482472,-0.016721431299482472,0
419,-0.07019720917371022,-0.07019720917371022,0
420,0.21190984297429974,0.21190984297429974,1
421,-0.15362048891446625,-0.15362048891446625,0
422,-0.13720021062857016,-0.13720021062857016,0
423,0.03870381842109234,0.03870381842109234,4
424,-0.09975262807093221,-0.09975262807093221,0
425,-0.1532974900657329,-0.1532974900657329,0
426,-0.06149004224921121,-0.06149004224921121,0
427,-0.05760922461532734,-0.05760922461532734,0
428,-0.035599711014614795,-0.035599711014614795,0
429,-0.08475486282265438,-0.08475486282265438,0
430,-0.06014808598139631,-0.06014808598139631,0
431,0.036403065061438415,0.036403065061438415,4
432,0.0008628481122419865,0.0008628481122419865,0
433,-0.030086314862850252,-0.030086314862850252,0
434,-0.11393993982317453,-0.11393993982317453,0
435,0.22928262081210746,0.22928262081210746,3
436,0.05943635252830863,0.05943635252830863,3
437,0.017454234216535337,0.017454234216535337,0
438,0.07909266690442744,0.07909266690442744,4
439,-0.01643627345001622,-0.01643627345001622,0
440,0.10091170909194798,0.10091170909194798,0
441,-0.06021854550769018,-0.06021854550769018,0
442,0.13438624726909218,0.13438624726909218,1
443,-0.10452818996851959,-0.10452818996851959,0
444,-0.034341017911345396,-0.034341017911345396,0
445,-0.060630100243827874,-0.060630100243827874,0
446,-0.06392488025418028,-0.06392488025418028,3
447,-0.15128120791610816,-0.15128120791610816,2
448,0.033703379326544776,0.033703379326544776,0
449,-0.13204549010852523,-0.13204549010852523,0
450,-0.015310761365231872,-0.015310761365231872,4
451,0.15791957585317007,0.15791957585317007,0
452,-0.03317842610715143,-0.03317842610715143,0
453,0.010971108838254315,0.010971108838254315,3
454,-0.06390621714562902,-0.06390621714562902,0
455,0.0772522509859188,0.0772522509859188,0
456,-0.07378841521604423,-0.07378841521604423,0
457,-0.05048660754323923,-0.05048660754323923,0
458,0.10911516326560401,0.10911516326560401,0
459,-0.06014900877247428,-0.06014900877247428,0
460,-0.08669384025974042,-0.08669384025974042,0
461,-0.12522545910723493,-0.12522545910723493,0
462,-0.03257190812917433,-0.03257190812917433,2
463,-0.17557874742680615,-0.17557874742680615,2
464,-0.008530651768587161,-0.008530651768587161,0
465,0.0034815464687749918,0.0034815464687749918,0
466,0.17271830937194743,0.17271830937194743,1
467,-0.14883472356524663,-0.14883472356524663,0
468,-0.009552363036593379,-0.009552363036593379,3
469,-0.20832248872376358,-0.20832248872376358,0
470,-0.11708154203199667,-0.11708154203199667,3
471,0.0038285471804918674,0.0038285471804918674,0
472,0.01702361128512865,0.01702361128512865,0
473,0.0008430874102396866,0.0008430874102396866,0
474,0.03727282346416018,0.03727282346416018,0
475,-0.04466210021940179,-0.04466210021940179,0
476,0.06121506102220428,0.06121506102220428,4
477,0.04588035862143099,0.04588035862143099,0
478,-0.08070504036997807,-0.08070504036997807,0
479,0.05205865450338114,0.05205865450338114,0
480,0.023377868713582203,0.023377868713582203,0
481,-0.04968242378165963,-0.04968242378165963,4
482,-0.01046392294445589,-0.01046392294445589,0
483,-0.018939854059812033,-0.018939854059812033,0
484,-0.014710359842735974,-0.014710359842735974,0
485,-0.09060744061677571,-0.09060744061677571,0
486,-0.03626945867078772,-0.03626945867078772,2
487,-0.17100890506673916,-0.17100890506673916,4
488,0.002325439427407278,0.002325439427407278,0
489,-0.05551008089316343,-0.05551008089316343,0
490,-0.006857391770588852,-0.006857391770588852,0
491,0.13572720089321202,0.13572720089321202,4
492,-0.027915448802680043,-0.027915448802680043,0
493,-0.05027696968707113,-0.05027696968707113,0
494,-0.19673130429816751,-0.19673130429816751,0
495,0.07759166314084387,0.07759166314084387,0
496,0.03215671162752122,0.03215671162752122,0
497,-0.14563607862434083,-0.14563607862434083,0
498,-0.026851544716304004,-0.026851544716304004,0
499,-0.009851362583384034,-0.009851362583384034,0
500,-0.053002239935845234,-0.053002239935845234,0
501,0.12558951392239753,0.12558951392239753,4
502,-0.022786335198563323,-0.022786335198563323,0
503,0.016213676953466618,0.016213676953466618,4
504,0.06829746479679906,0.06829746479679906,4
505,0.08078448012400924,0.08078448012400924,0
506,0.021137659229806316,0.021137659229806316,0
507,0.07598527724259961,0.07598527724259961,0
508,0.018798375444072004,0.018798375444072004,0
509,-0.08741270030341917,-0.08741270030341917,0
510,0.35322167222558337,0.35322167222558337,1
511,0.0304843577494642,0.0304843577494642,0
512,-0.09393480388174125,-0.09393480388174125,0
513,0.02347212470814561,0.02347212470814561,0
514,-0.0030674593218193843,-0.0030674593218193843,0
515,-0.03769584011620096,-0.03769584011620096,4
516,-0.04134044851681962,-0.04134044851681962,0
517,0.05356660848926078,0.05356660848926078,0
518,-0.07559148675413585,-0.07559148675413585,0
519,0.001002680156907709,0.001002680156907709,4
520,-0.06352916841092338,-0.06352916841092338,0
521,0.02077750038310042,0.02077750038310042,0
522,0.04953707562997862,0.04953707562997862,0
523,0.10418046133122329,0.10418046133122329,4
524,-0.09054116807244297,-0.09054116807244297,0
525,0.04322119934040994,0.04322119934040994,0
526,-0.07934464980778147,-0.07934464980778147,0
527,0.07588362562588977,0.07588362562588977,0
528,-0.034465523836568944,-0.034465523836568944,4
529,-0.09766285401349854,-0.09766285401349854,0
530,0.16271771253426257,0.16271771253426257,1
531,-0.004079088443537407,-0.004079088443537407,0
532,-0.06509303849559323,-0.06509303849559323,0
533,-0.07052359886648334,-0.07052359886648334,0
534,-0.05857945433964819,-0.05857945433964819,0
535,0.05499426388942344,0.05499426388942344,0
536,-0.053651349402013486,-0.053651349402013486,0
537,0.039600370962472445,0.039600370962472445,0
538,-0.037960792742977936,-0.037960792742977936,0
539,-0.08838076539094734,-0.08838076539094734,0
540,0.012305655772856047,0.012305655772856047,0
541,-0.04894549174383307,-0.04894549174383307,0
542,-0.0001756762966327004,-0.0001756762966327004,3
543,-0.08815318641161977,-0.08815318641161977,0
544,-0.023150501898378854,-0.023150501898378854,0
545,0.032679020396585705,0.032679020396585705,0
546,-0.017666182622035665,-0.017666182622035665,0
547,-0.00033601434936381943,-0.00033601434936381943,0
548,-0.005234081703799357,-0.005234081703799357,0
549,0.01233297132796542,0.01233297132796542,4
550,0.09007081623386948,0.09007081623386948,0
551,0.07939960784215296,0.07939960784215296,0
552,0.03267468356238817,0.03267468356238817,0
553,0.15032123650022344,0.15032123650022344,0
554,-0.0720309732299717,-0.0720309732299717,0
555,-0.13471358039539735,-0.13471358039539735,0
556,0.015430547056345225,0.015430547056345225,0
557,-0.05792915878775441,-0.05792915878775441,0
558,0.059223161858976595,0.059223161858976595,3
559,-0.0101361472090166,-0.0101361472090166,0
560,-0.021768793285886705,-0.021768793285886705,0
561,-0.06136424949799931,-0.06136424949799931,0
562,0.12896324959765285,0.12896324959765285,0
563,-0.18001470092646837,-0.18001470092646837,2
564,-0.04125361014436734,-0.04125361014436734,0
565,-0.0398195710826957,-0.0398195710826957,0
566,0.010727429082466025,0.010727429082466025,0
567,0.01510909236208978,0.01510909236208978,0
568,-0.09426756207940251,-0.09426756207940251,0
569,0.0014408576793660515,0.0014408576793660515,0
570,-0.016759413556405815,-0.016759413556405815,3
571,-0.0027290060317132856,-0.0027290060317132856,0
572,-0.08524575111282527,-0.08524575111282527,0
573,0.2911623910600205,0.2911623910600205,1
574,-0.011858480306263127,-0.011858480306263127,3
575,0.18606172058593545,0.18606172058593545,0
576,0.011868935117131352,0.011868935117131352,0
577,-0.0365285648181244,-0.0365285648181244,0
578,-0.03986505344352772,-0.03986505344352772,0
579,-0.0880263590828261,-0.0880263590828261,0
580,-0.027731146018760967,-0.027731146018760967,0
581,-0.046010832161439405,-0.046010832161439405,0
582,-0.03916244809505093,-0.03916244809505093,0
583,0.10238657017396206,0.10238657017396206,4
584,-0.12799649462866527,-0.12799649462866527,0
585,-0.010299995488720216,-0.010299995488720216,0
586,0.02893973464041587,0.02893973464041587,3
587,-0.21623579704183704,-0.21623579704183704,2
588,0.01037231015934456,0.01037231015934456,0
589,-0.057660336382348326,-0.057660336382348326,0
590,-0.0378062509834586,-0.0378062509834586,0
591,-0.0006446144537262435,-0.0006446144537262435,0
592,-0.01679878320401625,-0.01679878320401625,3
593,0.028557046478778613,0.028557046478778613,2
594,0.032267408515704366,0.032267408515704366,0
595,-0.05675840588313503,-0.05675840588313503,0
596,-0.07527919248402129,-0.07527919248402129,0
597,-0.028020540937277152,-0.028020540937277152,0
598,-0.16080046636626436,-0.16080046636626436,0
599,0.013587702341646446,0.013587702341646446,0
600,-0.009760787289973621,-0.009760787289973621,0
601,-0.08914133617793742,-0.08914133617793742,0
602,-0.008803561036644677,-0.008803561036644677,0
603,-0.04817718930374914,-0.04817718930374914,0
604,0.007947676460438948,0.007947676460438948,4
605,0.007080548131972149,0.007080548131972149,0
606,-0.09791308401319088,-0.09791308401319088,0
607,0.0068303569228229735,0.0068303569228229735,0
608,-0.041588824846990814,-0.041588824846990814,0
609,-0.2450737117231592,-0.2450737117231592,0
610,0.04692760594767622,0.04692760594767622,0
611,-0.004200176531372946,-0.004200176531372946,0
612,0.0402988891060072,0.0402988891060072,0
613,-0.02136109623708079,-0.02136109623708079,0
614,0.03948656132824266,0.03948656132824266,0
615,-0.08251221018583588,-0.08251221018583588,0
616,0.17309685098290742,0.17309685098290742,0
617,0.09639810487353442,0.09639810487353442,0
618,0.07024141534529536,0.07024141534529536,4
619,-0.07021330023454685,-0.07021330023454685,3
620,0.24299788285754137,0.24299788285754137,1
621,-0.015736395423519046,-0.015736395423519046,0
622,-0.01643968207574084,-0.01643968207574084,3
623,-0.05525076994309312,-0.05525076994309312,0
624,0.0023504623877582567,0.0023504623877582567,3
625,-0.06872415060765377,-0.06872415060765377,2
626,-0.06459650579977758,-0.06459650579977758,0
627,-0.06195253907376283,-0.06195253907376283,0
628,-0.11561743655826777,-0.11561743655826777,0
629,-0.01863159291880412,-0.01863159291880412,0
630,-0.07237463474633725,-0.07237463474633725,0
631,0.012724716392757423,0.012724716392757423,0
632,0.061725845135475174,0.061725845135475174,0
633,-0.01048014603342999,-0.01048014603342999,0
634,0.01110205635693869,0.01110205635693869,0
635,0.01563485310507868,0.01563485310507868,4
636,-0.052807176090113955,-0.052807176090113955,0
637,0.129242999376387,0.129242999376387,1
638,-0.044465196508405344,-0.044465196508405344,0
639,0.08505391787566416,0.08505391787566416,0
640,0.06256355882952198,0.06256355882952198,4
641,0.09335508819266787,0.09335508819266787,0
642,-0.063891801575116,-0.063891801575116,0
643,-0.06732250704986106,-0.06732250704986106,0
644,-0.019064614880973406,-0.019064614880973406,0
645,-0.0314512770979881,-0.0314512770979881,0
646,-0.09472604892481305,-0.09472604892481305,0
647,-0.00886768694166651,-0.00886768694166651,0
648,0.05028065329933304,0.05028065329933304,0
649,-0.002236479797272032,-0.002236479797272032,0
650,-0.1447422254015122,-0.1447422254015122,0
651,-0.05448897079261822,-0.05448897079261822,4
652,-0.05849533074638608,-0.05849533074638608,0
653,-0.023680362963115816,-0.023680362963115816,0
654,0.33778541413987095,0.33778541413987095,1
655,-0.033857145720418015,-0.033857145720418015,0
656,0.21464054244272082,0.21464054244272082,1
657,-0.13880495249815503,-0.13880495249815503,0
658,-0.002401257931573545,-0.002401257931573545,0
659,0.027380410165040323,0.027380410165040323,0
660,0.08399394137999565,0.08399394137999565,0
661,0.05435213558122047,0.05435213558122047,0
662,-0.03189040283917608,-0.03189040283917608,0
663,-0.01710467584517943,-0.01710467584517943,0
664,-0.006226519545544838,-0.006226519545544838,0
665,-0.05399718152552352,-0.05399718152552352,0
666,0.02699419952448951,0.02699419952448951,0
667,-0.08727965482346613,-0.08727965482346613,0
668,-0.009760948430759859,-0.009760948430759859,0
669,-0.03536837009944737,-0.03536837009944737,0
670,-0.019985425091828723,-0.019985425091828723,4
671,-0.0826470882151469,-0.0826470882151469,3
672,-0.006573086669693656,-0.006573086669693656,3
673,0.03696093593251461,0.03696093593251461,4
674,-0.005970423151689504,-0.005970423151689504,0
675,0.06112737648876636,0.06112737648876636,0
676,-0.08123239680193546,-0.08123239680193546,0
677,-0.024116021340207794,-0.024116021340207794,0
678,0.11013810323410143,0.11013810323410143,0
679,-0.07818246318647953,-0.07818246318647953,0
680,-0.007243923093272359,-0.007243923093272359,0
681,-0.026608916358686986,-0.026608916358686986,0
682,-0.016122511657680458,-0.016122511657680458,0
683,-0.02153400446015771,-0.02153400446015771,3
684,0.018771310169525674,0.018771310169525674,0
685,0.0766327770548257,0.0766327770548257,0
686,0.2205956177327137,0.2205956177327137,1
687,-0.01653006066759467,-0.01653006066759467,0
688,0.028053465571917558,0.028053465571917558,0
689,-0.08664828724979076,-0.08664828724979076,0
690,0.34843396549769307,0.34843396549769307,1
691,-0.0598869304192028,-0.0598869304192028,0
692,-0.038897737503564844,-0.038897737503564844,0
693,0.006714200337372527,0.006714200337372527,4
694,-0.04171112055014038,-0.04171112055014038,0
695,-0.013380309267442263,-0.013380309267442263,0
696,0.0629493279731526,0.0629493279731526,0
697,-0.10036910411701608,-0.10036910411701608,0
698,0.0337718855680608,0.0337718855680608,4
699,-0.004145722322773125,-0.004145722322773125,0
700,-0.020635826124664875,-0.020635826124664875,0
701,-0.17015927750524243,-0.17015927750524243,0
702,0.009927689239811553,0.009927689239811553,0
703,-0.033913055688937585,-0.033913055688937585,0
704,0.0805778536174797,0.0805778536174797,0
705,0.021815850031125045,0.021815850031125045,0
706,-0.007342540135344812,-0.007342540135344812,0
707,0.08677361626417963,0.08677361626417963,0
708,-0.020344480384268733,-0.020344480384268733,0
709,0.007605222949503811,0.007605222949503811,0
710,0.02123414825868511,0.02123414825868511,3
711,-0.08956447518532966,-0.08956447518532966,2
712,0.021567238652616238,0.021567238652616238,4
713,0.005080454192202375,0.005080454192202375,0
714,0.19241990480590565,0.19241990480590565,0
715,-0.0035336194817005076,-0.0035336194817005076,3
716,0.0045505904649935855,0.0045505904649935855,0
717,0.023436613450727967,0.023436613450727967,0
718,0.20212443136647204,0.20212443136647204,0
719,-0.03673312728198114,-0.03673312728198114,3
720,-0.025546911658157697,-0.025546911658157697,2
721,-0.06255323168040218,-0.06255323168040218,0
722,0.012097812548311446,0.012097812548311446,3
723,-0.03142499447977268,-0.03142499447977268,0
724,-0.09479691845578724,-0.09479691845578724,0
725,-0.017505682857173313,-0.017505682857173313,0
726,0.007347759881187587,0.007347759881187587,4
727,-0.09791520793919954,-0.09791520793919954,0
728,0.20631092297760095,0.20631092297760095,1
729,0.105607059156419,0.105607059156419,0
730,0.15670165228815683,0.15670165228815683,1
731,0.06590588614150089,0.06590588614150089,4
732,-0.14601666299850552,-0.14601666299850552,0
733,-0.048946255062403805,-0.048946255062403805,0
734,0.07666926670698368,0.07666926670698368,0
735,-0.020401660322450485,-0.020401660322450485,0
736,0.04067504349502752,0.04067504349502752,0
737,0.009739386597503704,0.009739386597503704,0
738,0.0002989693295761401,0.0002989693295761401,0
739,0.0986759510880102,0.0986759510880102,4
740,0.011526150971725643,0.011526150971725643,4
741,0.1661345039461783,0.1661345039461783,0
742,0.016050279637704785,0.016050279637704785,4
743,0.05558654958658251,0.05558654958658251,0
744,-0.09859433106648775,-0.09859433106648775,0
745,0.01377379349975346,0.01377379349975346,0
746,0.017173232598353776,0.017173232598353776,4
747,0.001992217471074919,0.001992217471074919,0
748,0.022313455573505305,0.022313455573505305,3
749,0.1737260023888071,0.1737260023888071,1
750,-0.030168872954177632,-0.030168872954177632,0
751,0.08106239117285423,0.08106239117285423,0
752,-0.05435492998729831,-0.05435492998729831,0
753,0.022161918437878233,0.022161918437878233,0
754,-0.047770986048736135,-0.047770986048736135,0
755,0.030124459155615395,0.030124459155615395,0
756,-0.0025781755242571536,-0.0025781755242571536,0
757,-0.08020057300515732,-0.08020057300515732,0
758,0.19479623225051973,0.19479623225051973,0
759,-0.05378506873932571,-0.05378506873932571,0
760,-0.04728579289546531,-0.04728579289546531,0
761,0.11409125061271619,0.11409125061271619,0
762,0.06343050251246025,0.06343050251246025,0
763,-0.005253032528809971,-0.005253032528809971,3
764,0.051477437689315536,0.051477437689315536,0
765,-0.035201113389145916,-0.035201113389145916,0
766,0.009492881180274746,0.009492881180274746,3
767,-0.09121964743252146,-0.09121964743252146,0
768,-0.03339769659327355,-0.03339769659327355,0
769,-0.019609903922585593,-0.019609903922585593,0
770,-0.026658696225642205,-0.026658696225642205,4
771,-0.0684964651442489,-0.0684964651442489,0
772,-0.041242208659212014,-0.041242208659212014,0
773,0.013692825542029538,0.013692825542029538,0
774,-0.02568993272497841,-0.02568993272497841,0
775,-0.03254659759244505,-0.03254659759244505,0
776,-0.03223988864072828,-0.03223988864072828,0
777,0.12969983031439697,0.12969983031439697,0
778,-0.03841736963829415,-0.03841736963829415,4
779,-0.03048972963732446,-0.03048972963732446,0
780,-0.07950573298034759,-0.07950573298034759,0
781,-0.026302025786079167,-0.026302025786079167,0
782,-0.03737799122715327,-0.03737799122715327,0
783,-0.07590028885088604,-0.07590028885088604,2
784,-0.0013823761092868825,-0.0013823761092868825,0
785,0.004418952886850506,0.004418952886850506,3
786,-0.015397561437489729,-0.015397561437489729,0
787,0.006592161494490839,0.006592161494490839,0
788,-0.03347176443414338,-0.03347176443414338,0
789,-0.030113036171315388,-0.030113036171315388,0
790,0.07376704410067463,0.07376704410067463,3
791,0.01468573479045512,0.01468573479045512,0
792,-0.015806077080116825,-0.015806077080116825,0
793,-0.009893264091850611,-0.009893264091850611,2
794,0.2102891816232672,0.2102891816232672,1
795,-0.08120671385915836,-0.08120671385915836,0
796,-0.11268940319398324,-0.11268940319398324,0
797,0.041876330158863155,0.041876330158863155,4
798,0.047586471942543916,0.047586471942543916,0
799,-0.03359196954256169,-0.03359196954256169,0
800,-0.06617508400989243,-0.06617508400989243,0
801,-0.08574368287928152,-0.08574368287928152,0
802,-0.03925201802107337,-0.03925201802107337,0
803,-0.01857284827301032,-0.01857284827301032,0
804,-0.07625076201303681,-0.07625076201303681,0
805,-0.2835410274674417,-0.2835410274674417,0
806,-0.08366947037436136,-0.08366947037436136,0
807,-0.04972229690962658,-0.04972229690962658,0
808,-0.006529465611929336,-0.006529465611929336,0
809,-0.06563469522972248,-0.06563469522972248,0
810,-0.12796671429459952,-0.12796671429459952,0
811,-0.01330483996173528,-0.01330483996173528,4
812,0.01597073502275513,0.01597073502275513,0
813,0.017256172277037785,0.017256172277037785,0
814,-0.018313759037873804,-0.018313759037873804,0
815,0.1891634151225899,0.1891634151225899,1
816,0.15007543748569308,0.15007543748569308,0
817,0.13094989696613227,0.13094989696613227,0
818,0.08064341453966895,0.08064341453966895,1
819,0.3046288171976927,0.3046288171976927,1
820,0.017746555230964668,0.017746555230964668,3
821,0.07346974643032286,0.07346974643032286,0
822,-0.02294905410415414,-0.02294905410415414,3
823,0.14416152110535901,0.14416152110535901,0
824,-0.04629678941388183,-0.04629678941388183,0
825,-0.13083768171010784,-0.13083768171010784,0
826,-0.07318057658935948,-0.07318057658935948,0
827,-0.057249680142398174,-0.057249680142398174,0
828,-0.0019332895248456985,-0.0019332895248456985,0
829,0.04877336687052511,0.04877336687052511,0
830,-0.047527248317559403,-0.047527248317559403,0
831,0.07704106580557402,0.07704106580557402,0
832,0.024215559693638904,0.024215559693638904,0
833,0.02995695399065608,0.02995695399065608,0
834,-0.007166035404085837,-0.007166035404085837,0
835,-0.1170343928165384,-0.1170343928165384,0
836,-0.05581354975338147,-0.05581354975338147,0
837,-0.0920478848704985,-0.0920478848704985,0
838,-0.007420532336471628,-0.007420532336471628,0
839,-0.053579838285453714,-0.053579838285453714,0
840,-0.02007236558420131,-0.02007236558420131,0
841,-0.047028476407034926,-0.047028476407034926,0
842,0.10953450707395157,0.10953450707395157,0
843,-0.10692506725545817,-0.10692506725545817,0
844,-0.08093980683142381,-0.08093980683142381,3
845,0.05477366090389389,0.05477366090389389,0
846,-0.029196116840272523,-0.029196116840272523,0
847,-0.11341779054668849,-0.11341779054668849,0
848,0.03560110765665985,0.03560110765665985,4
849,0.1750080766658707,0.1750080766658707,1
850,0.08734498656817873,0.08734498656817873,0
851,0.005987364840822754,0.005987364840822754,0
852,-0.06227399504120223,-0.06227399504120223,0
853,0.3208426462726904,0.3208426462726904,1
854,-0.0066902186867450085,-0.0066902186867450085,0
855,0.04019830352958909,0.04019830352958909,0
856,0.29910562348127845,0.29910562348127845,1
857,0.06379422922303472,0.06379422922303472,0
858,-0.009752878799459498,-0.009752878799459498,3
859,-0.023912781722399683,-0.023912781722399683,0
860,-0.007026177644612814,-0.007026177644612814,0
861,0.02028297203231894,0.02028297203231894,0
862,0.011388344753546333,0.011388344753546333,0
863,0.084753654052083,0.084753654052083,0
864,0.001517143032455877,0.001517143032455877,0
865,-0.09289608926180773,-0.09289608926180773,0
866,-0.0017698212312326428,-0.0017698212312326428,0
867,0.23533308104255152,0.23533308104255152,0
868,-0.05852094087412169,-0.05852094087412169,0
869,-0.005405696599448559,-0.005405696599448559,4
870,-0.024982715364465852,-0.024982715364465852,0
871,0.11969791806533348,0.11969791806533348,3
872,-0.04988173320623622,-0.04988173320623622,0
873,0.06355327190574554,0.06355327190574554,4
874,-0.060394198523919064,-0.060394198523919064,4
875,0.14642372647147983,0.14642372647147983,0
876,0.06041600515573447,0.06041600515573447,0
877,-0.044730549894165264,-0.044730549894165264,0
878,-0.010740649864044787,-0.010740649864044787,0
879,-0.04086179758026685,-0.04086179758026685,0
880,0.05766768217924906,0.05766768217924906,0
881,0.3137964478814385,0.3137964478814385,1
882,-0.0012931686516303347,-0.0012931686516303347,0
883,0.1054050237556039,0.1054050237556039,4
884,0.26474586060882965,0.26474586060882965,1
885,0.11473883128819024,0.11473883128819024,0
886,0.27134274365529953,0.27134274365529953,1
887,0.006045111175301593,0.006045111175301593,0
888,-0.042294860030676236,-0.042294860030676236,0
889,-0.20183099406360291,-0.20183099406360291,0
890,-0.09504957733285829,-0.09504957733285829,2
891,-0.13712499089745442,-0.13712499089745442,0
892,-0.03236888600503763,-0.03236888600503763,4
893,0.101590289263058,0.101590289263058,4
894,-0.026504943606530332,-0.026504943606530332,0
895,0.013261069874576592,0.013261069874576592,0
896,0.1471410821847426,0.1471410821847426,1
897,0.22032806614407976,0.22032806614407976,1
898,0.312243708352612,0.312243708352612,1
899,-0.005368794442026291,-0.005368794442026291,0
900,-0.0038641341619917225,-0.0038641341619917225,0
901,0.016574616988651997,0.016574616988651997,0
902,-0.0447390597669733,-0.0447390597669733,0
903,0.02457372743232277,0.02457372743232277,3
904,0.2824433653961388,0.2824433653961388,1
905,-0.036163511877009676,-0.036163511877009676,4
906,0.04758891441354712,0.04758891441354712,0
907,0.0070754782864355945,0.0070754782864355945,0
908,-0.11084291999933292,-0.11084291999933292,0
909,-0.1461723924080418,-0.1461723924080418,0
910,-0.03714624224322231,-0.03714624224322231,0
911,-0.13067041085327014,-0.13067041085327014,0
912,0.09084662176060625,0.09084662176060625,3
913,0.08783767657921221,0.08783767657921221,0
914,0.006722104508899761,0.006722104508899761,0
915,0.026087709622791302,0.026087709622791302,0
916,-0.02964532466017554,-0.02964532466017554,0
917,0.00929094371432775,0.00929094371432775,0
918,-0.0025586857207446296,-0.0025586857207446296,2
919,0.04211242576923144,0.04211242576923144,0
920,-0.17087472801679526,-0.17087472801679526,0
921,0.009405111916251539,0.009405111916251539,0
922,-0.02197313399830976,-0.02197313399830976,3
923,0.02274839726534083,0.02274839726534083,0
924,0.15191590961853868,0.15191590961853868,1
925,0.018407935608453743,0.018407935608453743,0
926,0.0670218384508527,0.0670218384508527,3
927,-0.07060565110162592,-0.07060565110162592,0
928,-0.06659141351396511,-0.06659141351396511,4
929,0.03835452835577143,0.03835452835577143,0
930,0.19516600043666288,0.19516600043666288,1
931,0.04528287550527523,0.04528287550527523,0
932,0.01523036531550522,0.01523036531550522,0
933,0.0018352636780221512,0.0018352636780221512,0
934,-0.07744961914956953,-0.07744961914956953,0
935,0.0017749687914656756,0.0017749687914656756,0
936,-0.07636078489760682,-0.07636078489760682,4
937,0.0742517028238447,0.0742517028238447,0
938,0.014388505899303116,0.014388505899303116,0
939,-0.038037605097019304,-0.038037605097019304,0
940,-0.0030223609405084276,-0.0030223609405084276,0
941,-0.18201161051867426,-0.18201161051867426,0
