,PCA1,PCA2,Max_Topic
0,0.6406611341406072,-0.3089983581703972,2
1,0.6448675266387472,-0.3132925047632664,2
2,0.4021010073664635,0.17519814243290435,2
3,-0.07529466866257381,-0.26555962066910377,0
4,0.6458056899398243,-0.30374150799336225,2
5,-0.5002589814031018,-0.0707244043623697,0
6,-0.42298698711329424,0.08084793972788633,0
7,0.6490768023327635,-0.3159437392109128,2
8,0.2621465741745487,0.4512677482009324,1
9,0.5361585195169573,-0.09005895251635344,2
10,0.47388952189135913,0.04289807343688994,2
11,-0.2597940624061651,-0.26240436823216534,0
12,-0.6397941770287061,-0.235901546801499,0
13,0.4478384793353399,0.035601728618101354,2
14,0.6423858756121295,-0.30719537828059945,2
15,0.18938878503018522,0.6053390443604907,1
16,0.6467101888421638,-0.31336165697194474,2
17,0.07482870072212477,0.8530877807969621,1
18,-0.4938963549128547,-0.04329072264216347,0
19,0.32060053653144194,-0.3010844696424118,2
20,0.4096501694819487,0.1647163938485073,2
21,0.06829236487176242,0.7849212159013553,1
22,0.10038739863837565,0.7042872712943039,1
23,-0.5009911551015377,-0.04575583683100036,0
24,0.06580064866456907,0.8189151942316583,1
25,0.6649608236315485,-0.3236104720751731,2
26,0.07994297614089368,0.8439788099835219,1
27,0.05162704608328679,-0.2700691365071445,2
28,-0.6417459038366593,-0.23377564066440965,0
29,-0.6458072949997549,-0.23996970588684371,0
30,0.036016002363987394,-0.28280344898919524,2
31,-0.004482583613238659,-0.2707804653529878,0
32,-0.6455848568174073,-0.23838333885006074,0
33,0.6634615658731471,-0.3211325534483524,2
34,0.24424689311020972,0.5144764088305988,1
35,-0.618731482502453,-0.22560338214111123,0
36,0.19332791319295253,-0.2900363182075646,2
37,0.5450159034387548,-0.11150824331928644,2
38,-0.2982233876193534,0.2566449283050609,0
39,0.28738379605105346,-0.2928929571510678,2
40,-0.6544387006729178,-0.24115187455255455,0
41,0.07222051568028166,0.7888479338610047,1
42,0.6248860921559963,-0.3019093212174214,2
43,0.25342536653336134,0.4563166725216071,1
44,0.0690132138701756,0.8299750314183281,1
45,0.6318746469880199,-0.30878360829235546,2
46,-0.636727497440428,-0.23376745792199308,0
47,0.6570874370278685,-0.318721120549568,2
48,0.361522832753533,0.24822325657869,2
49,-0.15095992685640036,-0.27260241164742016,0
50,-0.4226973886203648,-0.24980727051500062,0
51,0.6362184366061042,-0.3076456760913741,2
52,0.31732531194472097,-0.29687603522608147,2
53,-0.039472638743074,-0.2711976431213871,0
54,0.07601234862297136,0.8520352588830978,1
55,-0.19834288280994797,-0.2611313603754125,0
56,0.49387302558638924,0.017924996931530716,2
57,-0.6313800943168537,-0.2297305545959818,0
58,-0.5919956219413525,-0.2092948201555202,0
59,-0.611917180525287,-0.22178861897055915,0
60,0.32198062498094054,-0.28092681307393746,2
61,0.6116956958916011,-0.3182892967043713,2
62,0.13344926747677024,0.04268807386977528,2
63,0.6496544239206504,-0.3160027976754813,2
64,0.6553705605289469,-0.31523920164904423,2
65,0.46994065799747997,-0.01873465268336341,2
66,-0.027879477510711664,-0.26432310263853226,0
67,-0.08786280281156637,-0.2690267091588052,0
68,-0.6334056677757393,-0.23452725465184834,0
69,-0.44882004399337777,-0.2453492175120868,0
70,-0.183541924903885,0.4532178121386464,1
71,0.3298841285288664,0.3399920802453402,1
72,0.06892844473355729,0.8120500055573625,1
73,0.6264694352301695,-0.298217315039093,2
74,-0.4174889014261654,0.09282935591145479,0
75,0.6543096034668779,-0.31774359879868486,2
76,-0.3887798146199728,0.1452652902366789,0
77,-0.5593978083376603,-0.1140541293428747,0
78,0.4439674572260054,0.06240681372288914,2
79,0.4785206530608166,0.04098131080093744,2
80,-0.590958707215842,-0.20847374110309802,0
81,0.39498346104359905,-0.014166423820051052,2
82,0.0718604267986206,0.8220561316731192,1
83,0.1686954872532521,0.26946320138940727,1
84,0.5872129389333131,-0.18961161801351828,2
85,0.07127756608820192,0.829376728675833,1
86,0.6442880405927575,-0.31051223802006067,2
87,0.14678398905492718,-0.2829266463040682,2
88,0.065054714122185,-0.2707130979446766,2
89,-0.4815347697597996,-0.005375190866688918,0
90,0.6525822192276997,-0.318136107034149,2
91,0.6161574021210408,-0.2821410703954492,2
92,-0.6387786596255925,-0.23276718055693704,0
93,-0.6452488040627611,-0.23639405654452456,0
94,0.33516725313248485,0.010786691074077405,2
95,0.37753588742529653,0.20490166193155238,2
96,0.6385212834960033,-0.3033033204042864,2
97,-0.6483066398097788,-0.23789936421150337,0
98,0.6399905049210752,-0.3067530685057477,2
99,0.04680551876567089,-0.2852251424822128,2
100,0.6506438931409738,-0.3147693238625506,2
101,-0.634450756805619,-0.21437245445957387,0
102,-0.1800458863428102,-0.2453225951450274,0
103,-0.32354347873449346,0.24615508862347218,0
104,-0.6202340976001881,-0.22888656768458998,0
105,-0.6308057462961584,-0.2342644805956043,0
106,0.6497004923374637,-0.315579385078125,2
107,0.3616826346269519,0.20868143105439374,2
108,0.4510242626518963,-0.3049741580556512,2
109,-0.6154366715091723,-0.22502347696220543,0
110,-0.47449123001924093,-0.24728981683132586,0
111,-0.2083644707697466,0.40733434633963506,1
112,0.473600608448389,-0.3052131356917198,2
113,0.17203253071913263,-0.2740714640963133,2
114,-0.4306012963998429,0.09483796323295102,0
115,0.6534218107860553,-0.31823830195567254,2
116,0.07427458661112533,0.8454408758423815,1
117,-0.08892025556449679,-0.2739629571454741,0
118,0.6137384151485692,-0.3099833130667539,2
119,-0.30284540975200375,-0.25825858024154075,0
120,-0.5714220087446988,-0.2039733002224897,0
121,-0.6282965125583361,-0.23250749914123067,0
122,-0.6410868158076032,-0.23449678380007982,0
123,0.6507709287518313,-0.3153112806881379,2
124,-0.08387808599788675,-0.280059120590042,0
125,-0.6413594866059216,-0.2395094535672351,0
126,0.5155019141526079,-0.07736644460365864,2
127,-0.6078059008635147,-0.2163113093564712,0
128,0.30299238760494535,0.37918210201026376,1
129,-0.6025455172172295,-0.2195829049295276,0
130,0.6471524233898284,-0.310135662037412,2
131,-0.6468202263880931,-0.23961454769170534,0
132,-0.6227919360463713,-0.22132984791864577,0
133,0.6387655152865782,-0.30892050568471546,2
134,0.06817946622533166,0.8054360907620473,1
135,-0.48960145246406367,-0.24217922404571063,0
136,0.06803602291402429,0.8186622366697693,1
137,-0.5086422875665597,-0.07067838274752045,0
138,-0.6260693360239655,-0.2267440671831259,0
139,-0.05010565172014712,-0.27375339170932333,0
140,-0.11816436032328403,-0.27298967790278983,0
141,-0.11378617542300107,-0.2678839383725988,0
142,-0.20783201728531586,-0.2686371979911878,0
143,-0.2514685956993142,0.3345026020601612,1
144,-0.07740964979552489,-0.275750340387669,0
145,0.5833007694884956,-0.1607814278534885,2
146,-0.6477209412660673,-0.23775557985958098,0
147,-0.46886808536995334,0.03875649284513597,0
148,0.34191672271423423,0.2970237942277231,1
149,0.24540355215508494,-0.28613095031025465,2
150,0.6593201637898001,-0.3190106527694866,2
151,0.13267143451651328,-0.05103260856523404,2
152,-0.6318865212236526,-0.23133785962911668,0
153,0.5276353352935019,-0.08282791362943491,2
154,-0.6125977111174502,-0.2248457792655038,0
155,0.13749907166945696,-0.28090975522910216,2
156,0.4345744663921641,-0.31230266120068484,2
157,-0.6373584371970449,-0.22720513282930077,0
158,0.6345157685333279,-0.3054559198380205,2
159,0.6443652315732997,-0.31128114255195655,2
160,0.2704733579881209,0.44055146112303906,1
161,0.21789378484663766,-0.2896437609714874,2
162,-0.6411621416154104,-0.2395005533716118,0
163,0.6555484608639828,-0.31950088008533534,2
164,0.0721022016520863,0.8236638813035142,1
165,-0.3952739183246516,-0.25837658957151816,0
166,-0.6239371183240362,-0.22692052702944993,0
167,-0.41158355147124626,-0.2440898267606156,0
168,-0.6206816129082955,-0.2205424417254334,0
169,0.6620954062354191,-0.3228213212080928,2
170,0.07462337681729467,0.8412501449876193,1
171,-0.6344572069705771,-0.22545403501292338,0
172,-0.6426534158588664,-0.23548036508254108,0
173,0.0733216568103841,0.8522524628187262,1
174,0.6361226575203371,-0.30905092804980977,2
175,0.6059577097384256,-0.2941630690790589,2
176,0.6261723637847438,-0.2961578235703771,2
177,0.4429400670759977,0.07914043993252733,2
178,-0.5328443011043137,-0.06344184566933805,0
179,0.6235028547838432,-0.3043898087700008,2
180,-0.28898902003689036,0.2329322734013686,0
181,0.4134385377566163,0.16014083995409759,2
182,-0.37633088738253345,0.17119691953665006,0
183,0.07605021457500652,0.8431345644051376,1
184,0.07394992033000741,0.853197251487952,1
185,-0.6521611566217778,-0.24006289646096993,0
186,0.6374405855561683,-0.30946202661421,2
187,0.593949498740667,-0.2846997216741129,2
188,0.5820109631570817,-0.3065154651440043,2
189,0.44294324200957813,-0.29905596104924115,2
190,0.6442128305628075,-0.3116181154996525,2
191,0.6687575709343402,-0.3265638285941468,2
192,-0.6319137357771561,-0.23242041291045631,0
193,-0.6548073820561798,-0.2410005853874285,0
194,-0.6214085085936941,-0.2291025372055172,0
195,-0.6425058239877105,-0.2378818972696866,0
196,0.6245317651028606,-0.3024744038990281,2
197,-0.5930099622985564,-0.2157213629320362,0
198,0.07542807080214844,0.8488890608673557,1
199,0.1313728656906456,-0.277478554987609,2
200,0.6507914184750706,-0.31063990196640284,2
201,0.6038120528913956,-0.2114846473766278,2
202,-0.1278889357802637,0.31016888550446037,1
203,-0.5946674640387228,-0.21385524460198505,0
204,-0.299436507614464,0.28065592704943326,0
205,0.07461288968000108,0.8511579148371545,1
206,0.19410386040770194,-0.28293474245343425,2
207,0.4686911329053797,0.00570826470753932,2
208,-0.2897403135547958,0.30295280549916914,0
209,0.18083237721735,-0.28618902105090893,2
210,0.3790178164232084,-0.29673770670827554,2
211,-0.6457919034563327,-0.2378098557472157,0
212,-0.2971398424043679,-0.2549431019085693,0
213,-0.6212750926733054,-0.22780197994653492,0
214,-0.2960101373446594,0.2792840312021581,0
215,-0.03576439117799523,-0.15907254110633848,0
216,-0.2091823407423733,-0.26783608052713576,0
217,0.6669657392438892,-0.32552143682157997,2
218,-0.6482745464952039,-0.24285684129069293,0
219,-0.16616779977716792,0.4276373567814694,1
220,-0.6159651969442074,-0.22103389735284415,0
221,0.19132877248177474,0.03386344824902456,2
222,0.07170775631187325,0.850046161574714,1
223,-0.3852812751038606,0.11824135059518145,0
224,0.38617764101830926,0.2168877752493308,2
225,0.613488350069137,-0.2858577821005273,2
226,0.5888317445950936,-0.3015381124605346,2
227,0.657155149578196,-0.317566890550319,2
228,0.6645287894092438,-0.3248180810703807,2
229,-0.6311896449155668,-0.22588376091684886,0
230,-0.3484002654079447,0.18489258439044717,0
231,0.3428376359849836,0.2842410499269001,1
232,-0.5022791997128816,-0.023607984463137503,0
233,0.6151211979819511,-0.29211030904724916,2
234,0.2899451216760364,0.010703528870245288,2
235,-0.09112733390639849,-0.2546443978841944,0
236,0.07398501887404729,0.8445826903460711,1
237,0.579384589407391,-0.16688921208560928,2
238,-0.3116507677272712,0.24510730639178518,0
239,-0.30587412844192136,-0.24601361097450344,0
240,0.6469361096995284,-0.3113086570973838,2
241,0.6487609463647844,-0.31588917245785675,2
242,0.06827526869379114,0.8373368967237235,1
243,0.6441233167300308,-0.31288414928055164,2
244,0.03851274126635891,-0.2537589325067402,2
245,-0.15888285944970684,-0.26086538243513063,0
246,-0.6341086761134856,-0.22986668936376872,0
247,0.39203282462301225,-0.2975807872181649,2
248,-0.27300581590166073,-0.25860705529420136,0
249,0.6401744891056474,-0.31188261715984583,2
250,0.5025943255205594,-0.015559701344247357,2
251,-0.3700650282266561,-0.24209023410776315,0
252,0.06658930865459657,0.8004699749808849,1
253,0.4771280393032026,0.03332893525068152,2
254,0.5057737764823731,-0.31008322549353123,2
255,0.40963059145023695,0.16640621299592642,2
256,0.6543903532007731,-0.31866416675935716,2
257,-0.16988540711259265,-0.24767215210843815,0
258,0.6444477117102442,-0.31053532255315347,2
259,0.06941624681883979,0.7857906478727305,1
260,0.5762910890843667,-0.1897826217723917,2
261,-0.2782901841168619,0.3094358313237304,1
262,-0.6077492816614698,-0.21260605531798463,0
263,-0.6326024961355988,-0.23314536125042526,0
264,0.5843983263655647,-0.299134283287826,2
265,0.6395928131262539,-0.3076256629102956,2
266,-0.4962060295304745,-0.03581884571407015,0
267,0.6095723496008578,-0.2985092437651565,2
268,-0.4811942837779544,-0.0007998943464505176,0
269,0.6555943246069009,-0.319433024786582,2
270,0.6455868815536118,-0.3139925814881855,2
271,-0.6490420066271879,-0.23560659758813465,0
272,-0.6177977993863885,-0.2236544189888578,0
273,-0.025525973791423885,-0.20519995564071794,0
274,-0.636700817962895,-0.23029291149728634,0
275,-0.4820170866191905,-0.001302318150694034,0
276,-0.6403318644363073,-0.23508635875521328,0
277,0.5522462371767052,-0.12917122584943116,2
278,-0.20534745522881673,-0.2587092967087878,0
279,-0.6278042762911222,-0.2301290646006608,0
280,0.6270687692897419,-0.3031933425257346,2
281,-0.6422161277519547,-0.23981917973587766,0
282,0.4532830022533189,0.07917088374812382,2
283,-0.09613991755028525,0.5995013393701397,1
284,-0.5386666450527243,-0.08489886493282195,0
285,0.4383332037357323,-0.3049390686159822,2
286,0.6388477911916857,-0.30929689347345246,2
287,-0.6449758111199672,-0.2385888123943675,0
288,0.07337085906255914,0.8299354567249698,1
289,-0.6123754466106189,-0.22300786945265152,0
290,0.6578582329681973,-0.3202399320546611,2
291,-0.2350455806474974,-0.2474661277176964,0
292,0.6461285497597733,-0.30683148914810615,2
293,0.5954103078224171,-0.2818705099341428,2
294,0.6091749130637477,-0.2937257543934853,2
295,0.3455669438673888,-0.28468362424465266,2
296,0.6493880930026606,-0.31442725974813046,2
297,-0.6443300581723146,-0.2378867823557532,0
298,-0.6024851759442733,-0.21238351185718451,0
299,0.010002067614739811,-0.2686511711122523,2
300,-0.2638864247525843,0.31885093951467186,1
301,-0.0847679459136832,0.554593627291832,1
302,-0.14884869783135304,-0.2615002640687923,0
303,-0.6471828358803327,-0.23644830007267975,0
304,0.13714236208230687,-0.28609349556523134,2
305,-0.36904107573396755,0.08311902087265177,0
306,-0.6412658654647428,-0.24122978445289167,0
307,0.14761132814812492,-0.286958648372354,2
308,0.6303314990716276,-0.3012946470317199,2
309,0.6359314477642768,-0.3054583620052201,2
310,0.6404807010864135,-0.30654656355607324,2
311,-0.291005957330992,-0.24170409293354853,0
312,-0.6358390177562634,-0.23313082732942764,0
313,-0.6462809213937304,-0.23968832304171342,0
314,-0.3184563401674756,-0.23915934484471313,0
315,-0.5990518135660802,-0.21812483546810038,0
316,-0.4108199067497392,0.07892648791231688,0
317,0.1733159499756097,-0.2677254984260593,2
318,-0.4862935674544344,-0.0014100880024662673,0
319,0.2274942276054258,-0.29885751453640547,2
320,-0.6316263219039229,-0.2331212585444499,0
321,0.3979250302685837,-0.2949098257471151,2
322,-0.6244848935525491,-0.2277862883377203,0
323,0.668149773418292,-0.3226034855399367,2
324,0.43654759242021485,-0.2903873179278606,2
325,-0.6269992019891913,-0.22431564483391173,0
326,0.15192811129784134,-0.23204242514005333,2
327,0.1823092591837325,0.6080832739906721,1
328,0.14318506336640693,0.13981212691336337,2
329,-0.3444874703411361,-0.25085954713291136,0
330,0.4474278628110987,0.07109341669807949,2
331,0.02761401422906445,-0.01828409828228513,2
332,0.07407763106661786,0.8498481195818188,1
333,-0.6523414049944659,-0.2407840195410668,0
334,0.6459674661003357,-0.3111046547013566,2
335,-0.49852959491627963,-0.08112173389618811,0
336,-0.39427866596399763,0.14901463874796103,0
337,-0.30502117813699725,0.25911236152052947,0
338,0.07340094666472322,0.8202610198159515,1
339,0.07108956147832671,0.8109561875158101,1
340,0.6504897826466053,-0.3186066520163678,2
341,0.628810108330087,-0.2987651675985116,2
342,0.6514420647823927,-0.31240702586436686,2
343,0.07264312739192545,0.8018754104753374,1
344,0.036450578910642996,-0.28017792426516036,2
345,0.646749849404479,-0.31512248275927496,2
346,0.07568094711228104,0.8350430466889739,1
347,-0.28197110766527156,0.2770019895731939,0
348,0.6564199585986281,-0.31240033321440674,2
349,0.6395571297131896,-0.2936204586746186,2
350,-0.5323205952543104,-0.07148601248968457,0
351,-0.5266669031738286,-0.049988226606833726,0
352,-0.23130595705159493,0.37860359795056836,1
353,-0.24218130952427105,-0.25518493489118244,0
354,0.6181522526118732,-0.2936522880329121,2
355,0.6355122899288431,-0.2987498515839275,2
356,0.6346378688299792,-0.3038591605611682,2
357,0.35791909579071524,-0.299662502547571,2
358,-0.5878367456103568,-0.2083743031127012,0
359,0.3850304942367713,-0.022617004851409994,2
360,0.41874503299833915,0.15187768121217907,2
361,-0.6048682686256489,-0.2174501609692627,0
362,-0.6161787310305622,-0.21838885560362836,0
363,-0.4405127827450755,0.03290306090527442,0
364,-0.6376425232685593,-0.23325789259846888,0
365,-0.3651230990731707,0.16965672760077063,0
366,-0.64700634174714,-0.23763895861074036,0
367,0.2293535972156219,0.5051798280148173,1
368,0.3242714430489424,0.29405022583334156,1
369,-0.6289329424992837,-0.22586717464253311,0
370,0.5809426150389809,-0.2710725847535312,2
371,-0.42941557940536096,-0.22170372454331327,0
372,-0.3099552147922825,0.18686321080238888,0
373,0.596641624605753,-0.2803709085270035,2
374,0.5393030591293514,-0.12418618506161323,2
375,0.07255943109528343,0.8116241590002021,1
376,-0.042532774206855806,0.6523504566788612,1
377,-0.6080429126371776,-0.21728755126553997,0
378,0.07445857911843243,0.8032112033041545,1
379,-0.16659054615551463,-0.25037252127399323,0
380,0.5733649573516754,-0.16261837793043818,2
381,-0.6289860546424756,-0.22814743684531272,0
382,0.1825220834002465,0.6084499791081439,1
383,0.053392079530497426,0.7582678860936343,1
384,0.06540062562651021,0.7376309258858643,1
385,0.6239181303667541,-0.2955832850940775,2
386,-0.14114530012859727,-0.23268736569339446,0
387,-0.20454880316043247,0.3657610717152336,1
388,0.5854749399395793,-0.27691359946060906,2
389,-0.40286571793661924,-0.23333965170745408,0
390,0.5354824700004888,-0.09990784786078544,2
391,0.07290092338574865,0.8301562236161063,1
392,0.6325270731355266,-0.3075260181237766,2
393,0.07139191513616693,0.843160718915597,1
394,0.4123778046030723,0.15462218967784905,2
395,-0.5897057221234343,-0.21713211528139256,0
396,0.13986741070906145,-0.2812354725280791,2
397,0.35247701779137686,0.25057034427723807,2
398,0.07716530656718476,0.810384225993688,1
399,-0.2983135188910197,-0.25134797621662675,0
400,0.6345116606184495,-0.3030121092335476,2
401,0.5928137925695988,-0.2869825787536061,2
402,-0.6216269116916384,-0.22226683056373894,0
403,0.07194839362568535,0.7866945981602791,1
404,-0.36178030730837435,0.16199650395683507,0
405,0.10713861493036604,-0.27552848680529,2
406,0.06878671322911335,0.8126199465925483,1
407,-0.6134154558504589,-0.21925591171409622,0
408,0.48738936878682515,-0.012585993671538754,2
409,-0.3459585170657054,-0.24352312676182483,0
410,-0.4862772046827508,-0.029536324624699385,0
411,0.6280997478560599,-0.30181436221671265,2
412,0.07322716136229213,0.8401956846256118,1
413,-0.2533379624354605,-0.25367001039782755,0
414,-0.058080219748151814,-0.2527271693978617,0
415,-0.612088861355944,-0.2246113226095759,0
416,0.18115607927218733,0.6011240483868523,1
417,0.641522286648685,-0.31009602526964336,2
418,0.5320389048238467,-0.07283481649826484,2
419,-0.6301956036702512,-0.23077385125528263,0
420,-0.08332516742786095,-0.23194202712516954,0
421,-0.5335104577272772,-0.08323320552862053,0
422,-0.5896333505453389,-0.2048855614857843,0
423,-0.4459695385045505,-0.22318705538401815,0
424,-0.6286885827911449,-0.22874693331451706,0
425,-0.3330136065127879,-0.24775694297165674,0
426,-0.11472426116982146,-0.2629820829881627,0
427,-0.3531899493724677,0.1448898073331404,0
428,-0.11668182710304015,0.5299395518283287,1
429,-0.25629184827243273,0.3353729188209701,1
430,-0.6141774041461953,-0.22177796355616503,0
431,-0.061056269032234656,-0.259312487300083,0
432,0.43139050208894747,-0.2830635056024321,2
433,-0.2618736240572117,0.3101958917273889,1
434,-0.6359888984698416,-0.22990519856851954,0
435,-0.5619783557320899,-0.18528445085444925,0
436,0.632517071837716,-0.3037049134389536,2
437,-0.23895048098845834,-0.21884990797970522,0
438,0.6194104250180764,-0.28287851680703885,2
439,0.07985194089039375,0.7470353306005572,1
440,-0.03435961409953502,0.6540173196245064,1
441,-0.6005722263031834,-0.21381140092921477,0
442,0.07277249770538465,0.8048075588872203,1
443,0.2338509663873291,-0.2801211204014001,2
444,-0.5839690153250265,-0.21202698481073204,0
445,0.06346867243363914,0.7232912627039668,1
446,0.6016176670374588,-0.28373260648480175,2
447,-0.3777567154925093,-0.24389355009102742,0
448,-0.25730309687758307,-0.23824869370753265,0
449,-0.32386350527170576,0.2443325081578729,0
450,0.2778391788300071,0.405324730064185,1
451,0.19499840609192767,-0.2774358840808615,2
452,0.5826078272605135,-0.2728717841508069,2
453,0.07272170329935083,0.8086482557362067,1
454,0.07663986028309712,0.20669115988014622,1
455,0.5178679108355718,-0.12117736704041186,2
456,0.5329365765097168,-0.2527510149745582,2
457,0.3078240684852926,-0.2602990318361818,2
458,-0.6062946272668255,-0.21717703298926946,0
459,0.3947482271171998,0.15104273332361756,2
460,-0.20508869182563988,0.37665655158839606,1
461,-0.2781309867844494,-0.25097144227473844,0
462,0.20478635429686426,0.5723676764911154,1
463,-0.6322201258511012,-0.2299011047284074,0
464,-0.6073509459209482,-0.21778358285414035,0
465,-0.3049121970316928,0.22550592215352544,0
466,0.632980998334028,-0.3024616935623466,2
467,-0.6128215222072684,-0.2210370829446169,0
468,0.07018109839642059,0.8108969052068493,1
469,0.3804264262930459,0.21201372118635567,2
470,-0.367407367973136,0.14015366710159974,0
471,-0.06476205766250973,0.5504692141602572,1
472,0.6244540399348938,-0.29468345327610584,2
473,0.3879094930329683,-0.28052136345888823,2
474,0.07771630680949322,0.8067571597174096,1
475,0.5663646735662554,-0.2710073373929806,2
476,-0.10160272882041937,0.3902496024635947,1
477,-0.4841666581198668,-0.16316021296880082,0
478,-0.2026208798028367,-0.1436234460388289,0
479,0.44345810867717256,-0.007393205705305281,2
480,0.6497014903434899,-0.3167704113622163,2
481,0.3576808654945393,0.2090850542201622,2
482,-0.6103081639081801,-0.2153109127713461,0
483,-0.3960844626856602,0.10785728772784488,0
484,-0.5874860304713829,-0.21257367433031307,0
485,-0.5139485120092436,-0.23911648162414836,0
486,0.2857482215953367,0.3853893773679884,1
487,-0.6065715531864274,-0.2183623253494352,0
488,-0.18660149466223225,-0.17571651702260163,0
489,-0.2882007443175772,0.27230183349426246,0
490,0.07263172912353641,0.8225053492630919,1
491,0.5822442110830345,-0.26725447774669847,2
492,-0.2361309616146686,0.2773570080211459,1
493,0.07207935506274328,0.800645999918812,1
494,-0.5963645996392365,-0.21053422330426677,0
495,0.5039292329276048,-0.30925482555645956,2
496,0.6235311624965487,-0.29689964657741996,2
497,-0.4114215305883414,0.08508678975432687,0
498,0.07192064599834774,0.8297819217920396,1
499,0.48095683051185484,-0.13875613660159544,2
500,0.6456155700875863,-0.3139882989696458,2
501,0.5519307324968106,-0.13142795507858127,2
502,0.6175646279777297,-0.28041010726621507,2
503,-0.6347508379775938,-0.2319200820429628,0
504,0.6089571618598351,-0.28779846985041174,2
505,-0.07609188241084648,0.6002577984818087,1
506,0.36246237148958776,0.25270832670027626,2
507,-0.18836574790214358,-0.25455082561897263,0
508,-0.4595195955863452,-0.006742554190605921,0
509,0.1664976077629914,0.6407458846026759,1
510,0.06601882247953139,0.7796461405477706,1
511,-0.5805722889442981,-0.21832153936115742,0
512,0.594629993967451,-0.2820851201788192,2
513,-0.6189179333488481,-0.22492274441912163,0
514,-0.5847350726639916,-0.21031028527674794,0
515,0.06681888505186717,0.410669060969474,1
516,-0.3609378117340305,-0.22906529937973777,0
517,0.06931986265252621,0.7922903513079066,1
518,-0.5937594364091001,-0.2153244898820392,0
519,-0.49828210031943054,-0.1594886927431369,0
520,0.37005893034189496,-0.29928128994720216,2
521,0.6265927609988948,-0.30164558893622107,2
522,0.6496104865122532,-0.31290455864453587,2
523,0.6386683540518521,-0.3085303156232018,2
524,-0.33479771706856376,0.210541394585269,0
525,-0.1436875576722291,-0.23834745280090935,0
526,-0.6075184274151303,-0.2156275259569457,0
527,-0.4280069538090943,-0.24168246595187798,0
528,-0.603247143996205,-0.21755801346503703,0
529,-0.5767949438293318,-0.19538283209332893,0
530,0.1550301226103156,0.6384989081970276,1
531,0.6054561047205235,-0.2908603955195058,2
532,0.11185266348380224,0.7201222277911017,1
533,0.5918638812733746,-0.2777721181764004,2
534,-0.643316132754331,-0.23405881904050752,0
535,0.3474583953047946,0.264161422308827,1
536,-0.6230567375561862,-0.22592612748537486,0
537,0.3024804680330402,0.36624968811987413,1
538,-0.6326740868260267,-0.2308306183533561,0
539,-0.2631230474351946,0.3082200374533564,1
540,0.5824132306280974,-0.27968201711042073,2
541,-0.5925188947175736,-0.21249211897222473,0
542,0.5894770590547593,-0.2644448883310339,2
543,-0.06371750251251876,-0.2558360483344314,0
544,0.448240471093915,0.042216604903517085,2
545,0.06848684088348653,0.7870990719844861,1
546,0.07582316459373392,0.8141798624990068,1
547,-0.05941314627866517,0.6162081974171787,1
548,0.07048017844886029,0.814697364640966,1
549,-0.4287104930030123,-0.23047848343649024,0
550,0.6262687197492693,-0.29749157766556183,2
551,0.4282098415431442,0.13458867297127558,2
552,0.07226258259926689,0.8331833754818305,1
553,0.4816817336268523,-0.05473753035050006,2
554,-0.4240487669086214,0.07763968898125935,0
555,0.06509475586448005,0.7943042984588389,1
556,0.6270385433217448,-0.29964060110513785,2
557,-0.47945498396086317,-0.02930915247933623,0
558,-0.46999925044495483,-0.032090848799007594,0
559,0.07081155751575283,0.819649433192283,1
560,-0.05749459057089235,-0.2643723053434195,0
561,-0.3314558981265947,-0.233621374768328,0
562,-0.6453903440561554,-0.23807954514734242,0
563,-0.6140321586684123,-0.22105360126841014,0
564,-0.38066267407946774,0.12349077916271234,0
565,0.41495050818826584,0.14228866352053954,2
566,-0.3507666501367587,0.17583612253305103,0
567,-0.19272485620324656,0.4340534379366076,1
568,-0.602296274293228,-0.20745833848437778,0
569,0.6285011212520081,-0.299841676956648,2
570,0.06969573503931692,0.8083193704997264,1
571,0.14484872745730765,-0.2633074884396529,2
572,0.03915318825347511,-0.2616410037495097,2
573,0.350272609784333,0.18554706415994618,2
574,0.054943036531007496,0.07968527239112935,2
575,0.6062176664821294,-0.24753809610597322,2
576,-0.6254576259803408,-0.23013376224760268,0
577,-0.14406232476389094,-0.2447284901651847,0
578,-0.623782729035308,-0.22322316241585738,0
579,-0.4736569915725042,-0.2298456507191635,0
580,-0.5415811774997178,-0.09043568656106844,0
581,0.6149047680932443,-0.294820318066029,2
582,-0.5875027424811292,-0.20707660111854823,0
583,0.6032803396714427,-0.2843803450695634,2
584,-0.5739612534058586,-0.19886839522140987,0
585,0.39501378706150003,0.16332308815484803,2
586,0.06940709341429287,0.7927351603910625,1
587,-0.13920031624062,0.48787487261359025,1
588,0.41895169023672973,0.13641563667366055,2
589,0.5708063156188079,-0.2727111686304508,2
590,0.029259822300257064,0.15951509725664897,1
591,-0.6522906706163238,-0.24153227812030997,0
592,0.5995041956754251,-0.28403326695782677,2
593,-0.23726534268299318,-0.24964219006156227,0
594,-0.6122697302105921,-0.2245954576475162,0
595,0.6168415360942607,-0.28480047620521765,2
596,-0.6261876191547733,-0.23144809336649524,0
597,0.6466962167527921,-0.3110850688506273,2
598,-0.038692640584128676,0.6680732630535385,1
599,0.07224332004762066,0.8216559764367773,1
600,-0.5858949957238573,-0.2082930059538194,0
601,-0.24958035792506855,0.36038543405522416,1
602,0.0027858575622954377,-0.26204615217735205,0
603,0.07487796350845866,0.8515610629723555,1
604,0.07267462102641777,0.7835796709906611,1
605,0.6388053076052412,-0.3032195935752126,2
606,0.21424141759898743,0.5526147455558242,1
607,-0.06587871351323478,0.6353046308829529,1
608,0.6341889363861056,-0.30430675007211877,2
609,-0.652455467556475,-0.2390859728993125,0
610,0.49753401949733206,-0.03709249236877245,2
611,0.0741369338842209,0.8242608718199718,1
612,-0.605926615061125,-0.21719198843820403,0
613,0.12369743465647681,0.7103303006465278,1
614,-0.6283477489527872,-0.23247730607011485,0
615,0.078181648977652,-0.26610643941246326,2
616,-0.6118822394362559,-0.22327896236191766,0
617,0.08465938256921253,-0.2808420920415563,2
618,0.33942404069206245,0.29169734844140544,1
619,0.06628752811461884,0.8108354568057887,1
620,0.06044269256239489,0.7487710520038509,1
621,0.5691929123146324,-0.26820309160465167,2
622,-0.4341158522339882,-0.13169348713359583,0
623,-0.5905578058709855,-0.20761580362752238,0
624,-0.5977106738298399,-0.21415082602586807,0
625,0.6228584843292637,-0.3036896945500625,2
626,-0.6175543798253731,-0.22166733997291743,0
627,0.021808209981012655,-0.20286873070085104,2
628,-0.5944939524352265,-0.2178252894651847,0
629,-0.6235763209908122,-0.22202442548473747,0
630,0.06694116134181223,0.7985339235468397,1
631,-0.6182507012059657,-0.21549029197106803,0
632,0.6137364824380207,-0.2988030038316929,2
633,0.6442017729539242,-0.3106579614670679,2
634,0.180261240480354,0.5291454048404292,1
635,-0.009161462387497488,-0.1623947115935739,0
636,-0.41187801822670467,0.08563163024877173,0
637,-0.608169822474664,-0.2219043638489611,0
638,-0.10828765359954805,-0.23103370255807887,0
639,-0.41187812159616743,-0.24873835956926516,0
640,0.6372246727276482,-0.30436701083588724,2
641,-0.6084804737435006,-0.2237430454997909,0
642,0.156290430937266,0.6376750480682659,1
643,0.6323197557620601,-0.2971974499169361,2
644,-0.3284585332281933,0.20444550022340216,0
645,-0.6119063098978783,-0.2184512005956347,0
646,-0.5519662813839473,-0.19205083876171686,0
647,0.056453920337850426,-0.26904770749604934,2
648,0.6347730872395209,-0.30117455576329455,2
649,0.06932925901414816,0.8276305658992872,1
650,0.0711032747446551,0.8352218181313448,1
651,0.6308756878219681,-0.30141339157678576,2
652,-0.23250754083818065,-0.24652127536613092,0
653,0.47576745948805543,-0.05458716902484976,2
654,-0.6038671053066188,-0.21641318988956654,0
655,-0.551290265416327,-0.19204268122326687,0
656,0.06478281103082643,0.7431336031928432,1
657,0.6217966522740633,-0.29873461763204545,2
658,-0.2844925696278551,-0.25439081686780224,0
659,-0.27595905105602636,0.23237087103962212,0
660,0.07225237066981907,0.8123777459563204,1
661,0.6362247963289663,-0.3065597446126477,2
662,0.0958141142819699,0.782145944629865,1
663,0.5018640424165414,-0.03882170934838983,2
664,0.5596929980528719,-0.25415704587160176,2
665,-0.4986377966426353,-0.06990114605258323,0
666,0.18072435622057012,0.571479850435556,1
667,-0.6169166274894368,-0.22437197738233247,0
668,-0.4914031603704768,-0.17202371208951797,0
669,-0.5152081549775743,-0.16740750758935954,0
670,0.06827236919955967,0.7794630977078633,1
671,-0.14712803873279176,0.2366692560055976,1
672,-0.44988312769931355,0.05003184231506006,0
673,0.3126011239035414,0.302992740076836,1
674,-0.5816064276495839,-0.20288083129437826,0
675,0.20535516674517743,0.555143004983951,1
676,0.07189924443817061,0.8252491232852996,1
677,0.13727387790039186,0.6031242153492358,1
678,-0.6294635625975189,-0.23305563817755534,0
679,0.6200926941263115,-0.30079522856517527,2
680,0.6051696289600943,-0.2567833886300445,2
681,-0.3496467372236224,0.16063650418556205,0
682,0.0022649088239666856,-0.2760911048309534,0
683,-0.3039337030210098,-0.25297997501348096,0
684,0.6292830113146762,-0.3010673157135136,2
685,-0.41791580584211824,0.07434798904033203,0
686,0.07427095538749937,0.7995702774965577,1
687,-0.6243016990452315,-0.2243503794290447,0
688,0.4826530648966666,-0.02754642049323046,2
689,-0.5678493298070417,-0.19903576576911236,0
690,-0.5669806808047084,-0.2005169242023089,0
691,-0.6361073625555519,-0.23129820087615677,0
692,0.2815565472421453,0.40619395656329904,1
693,-0.46028600780818224,-0.18240554682701654,0
694,0.6180156991428003,-0.29043534767086393,2
695,-0.5971067751173975,-0.21337720698024204,0
696,0.6046966789120447,-0.23269452894427667,2
697,0.47915530104985843,-0.03121956749703084,2
698,0.46908273680042883,0.023245410444352525,2
699,0.0651388422893295,0.8049627228014594,1
700,0.24708177108628418,-0.27949812148927994,2
701,-0.23266810945010444,-0.25654076544208637,0
702,-0.6373236413949922,-0.23452148659241262,0
703,-0.1726960872042244,0.45263499156613785,1
704,0.6263535341436642,-0.2977389669827108,2
705,0.6201648691871117,-0.29418743573117995,2
706,-0.6392989169602709,-0.23631449632516183,0
707,0.3527717997399771,0.25542757060097754,2
708,0.5842072642985316,-0.27449001932817957,2
709,0.461309951433282,-0.20081507432938106,2
710,-0.6110695173678864,-0.2218310407375387,0
711,0.07971012363489008,0.7377713611200128,1
712,0.07344904156689194,0.7830235415123823,1
713,-0.6150464288681355,-0.22377803746673702,0
714,-0.21133485927846676,0.3805753116960081,1
715,-0.5195983241503422,-0.1486218465005511,0
716,0.18732568812913256,-0.2579455820845248,2
717,0.6454579194023279,-0.31147433905903754,2
718,0.6597442615657394,-0.32095247825056844,2
719,-0.5641375472875647,-0.19593440367408113,0
720,0.08645343347677543,0.09109350558499142,2
721,0.04985740266334682,-0.2741961124813643,2
722,0.6054485807825837,-0.29147036385672215,2
723,-0.440478306539858,-0.23492220241712924,0
724,-0.629014031148489,-0.22880983439961466,0
725,0.12495004510044265,0.7400230843977065,1
726,-0.28733846649363176,-0.02023656205282233,0
727,0.07159523267367822,0.8138944799129099,1
728,0.0755671077137437,0.8181881345709633,1
729,0.07043796698122766,0.7755513786535879,1
730,0.2762503579090826,-0.2662911735244496,2
731,0.6328976532792603,-0.30303754644834413,2
732,-0.44983525978284894,-0.16352986382711548,0
733,-0.633193717906843,-0.23365146600423622,0
734,-0.6253864442870312,-0.23429214978200247,0
735,-0.5280446981501123,-0.07924145492850583,0
736,0.1891290346004752,0.5640671534518285,1
737,-0.08805095896404105,-0.22485773194792077,0
738,0.009818872906013684,-0.2729731070761178,2
739,0.16414133673559958,-0.25589247290530365,2
740,0.636727278043931,-0.3046778802268062,2
741,-0.06322906581542352,-0.23620065347175193,0
742,-0.27804387252233964,0.30398759861836644,1
743,0.4717541067181724,-0.1185998899221147,2
744,-0.6258333492254494,-0.22368926708822734,0
745,-0.006514981448742824,-0.2494824986055924,0
746,-0.5907936997141288,-0.21782602291281636,0
747,0.027813374036963354,0.09835550270638065,0
748,-0.6096192589448706,-0.22349754834343713,0
749,-0.1783745256161958,0.42559957952389516,1
750,0.6422708285908859,-0.30508877306838456,2
751,0.38200195172409684,0.18730341855720486,2
752,-0.20124611376645643,-0.12627401132628058,0
753,-0.3134716489587435,0.18225179460281488,0
754,-0.573225707854275,-0.1841477472031461,0
755,0.1613236140098323,0.5984297622583784,1
756,0.6337315389316772,-0.3030306976906312,2
757,0.0641878426231279,0.7229576841514374,1
758,-0.6083396027425141,-0.23060880999941083,0
759,-0.5096904696481085,-0.049911575906278836,0
760,0.4744436194670221,-0.3049034951620505,2
761,0.07403586160519696,0.8110928243376635,1
762,0.5242386737333624,-0.09251737018895438,2
763,0.0708085893779853,0.8175869897734601,1
764,0.2756236603644815,-0.2756428928833759,2
765,0.3311913159316197,0.3082164889918343,1
766,-0.6175109599258187,-0.22377442691170957,0
767,0.598670746911959,-0.27347008701529596,2
768,0.0757505021500019,0.8195443477173466,1
769,0.0731577345599562,0.8377057491306386,1
770,0.5615453016148673,-0.257611274685553,2
771,0.6237241472514103,-0.29546594457906306,2
772,0.11858720690331907,0.10673931397868647,2
773,0.07279552691897605,0.8329742010038403,1
774,-0.613173399977834,-0.22348475067235737,0
775,0.46449024111127035,-0.18329306447886237,2
776,0.06897294689442952,0.8046560594694863,1
777,0.6177906640757358,-0.29289019023712676,2
778,-0.1410752179355629,0.1636303926473411,0
779,-0.10000610026092575,0.4734795096276234,1
780,-0.37567218700404026,-0.234980170569869,0
781,0.31030752600878997,-0.2772747639196762,2
782,-0.14025285597622694,0.49986855078823417,1
783,0.06919764750126284,0.8194699795264313,1
784,0.23204703019669956,0.46816261403581777,1
785,-0.2968652176825123,0.22028355960926768,0
786,0.07507231188645777,0.7855019915101481,1
787,-0.5470317202738393,-0.19230813724250534,0
788,-0.6435383405739831,-0.2352779707104412,0
789,0.07254612846415216,0.8078787586928367,1
790,-0.6006225998631939,-0.21910214103466488,0
791,0.0610037806676889,0.7981065335856685,1
792,-0.4732860009662409,-0.05061563642450142,0
793,0.06816909531328023,0.7812242520605285,1
794,-0.5902464757312725,-0.2033465739425473,0
795,0.28961156950303907,0.3977281471215131,1
796,0.05017989542904671,0.8091312678848561,1
797,-0.29939034465158537,0.2499831156967113,0
798,0.6160097673678739,-0.28892343249857505,2
799,-0.3148249753750368,0.17086436423303764,0
800,-0.4782216343199542,-0.01944095816365801,0
801,-0.6088710835713215,-0.21852070487194689,0
802,0.5213640260556621,-0.10104621140607879,2
803,0.5781042254708834,-0.2564956315828102,2
804,-0.04145966038381011,0.6633938499892988,1
805,-0.12195200892343655,0.5071109517867953,1
806,-0.6276684339408001,-0.22726080848721175,0
807,-0.5869940534537973,-0.20280130244203398,0
808,0.07808614098386392,0.756250062296492,1
809,0.27137267412424826,0.4075439144278334,1
810,0.06855013775318161,0.7995598890094481,1
811,0.47494858317983235,0.02884195942386986,2
812,0.07581876057033393,0.718717266147569,1
813,0.4006139690308696,0.16190645684031177,2
814,-0.34727526086795407,0.19304488378037016,0
815,-0.30006298611791593,-0.2291443481545681,0
816,0.581803692599429,-0.2736747738526924,2
817,0.192473377135513,0.5786159827282537,1
818,0.08062214907852285,0.7848144740753816,1
819,-0.6313302706879186,-0.2312009766861846,0
820,-0.4756672011320713,-0.026649700053094333,0
821,-0.2335038846219405,0.3543720770305448,1
822,0.06707579931951844,0.8018301733918588,1
823,0.6448237382594946,-0.31344666861805615,2
824,0.641046445694655,-0.3071544596274,2
825,0.06199833067317954,0.798887682483524,1
826,0.3283120555680811,-0.2792254901035812,2
827,0.60509425789212,-0.2822962131075905,2
828,0.36084867504722085,0.08163198671549002,2
829,-0.6072665797035459,-0.22675253660046152,0
830,0.06798511452554709,0.7855014724591294,1
831,0.16411728056623062,-0.27110580952572083,2
832,-0.4196033549455452,0.07119153684071455,0
833,-0.1694575411934816,-0.2593672596770615,0
834,-0.19120612091735462,0.3872508028348279,1
835,-0.5548186144183812,-0.19174081052196104,0
836,-0.25390840516600166,0.33728149570307525,1
837,-0.6288032153989761,-0.2299131822433656,0
838,0.3905684864846064,0.17362447794992356,2
839,-0.3359696259857583,0.18597451981676802,0
840,0.6273607653707847,-0.30006394702342015,2
841,0.5952078288438233,-0.278673164371848,2
842,0.2806331078404507,0.3495080344341231,1
843,-0.18457372412115067,0.42664580246769196,1
844,-0.6136771361608335,-0.22374401868831564,0
845,-0.29504878492199466,-0.18928787218766355,0
846,0.6301505810447664,-0.3046408949107456,2
847,-0.6025873759863702,-0.2037331085953842,0
848,0.6239421911330703,-0.297391806808754,2
849,0.5213693128167934,-0.08568911371307772,2
850,0.5903881296436256,-0.2747901023108291,2
851,0.602814502154723,-0.29197128306471354,2
852,0.07240519180690218,0.8083177355292366,1
853,0.6114714556879772,-0.29184431647902503,2
854,-0.03004606775682176,0.6084260336520431,1
855,0.07377617460541129,0.8287167676099738,1
856,-0.6369058394552736,-0.23742988993749548,0
857,0.07720856948872767,0.7974305937864627,1
858,0.6137131711117111,-0.29429918109041986,2
859,0.06317682569851184,0.7945458296063779,1
860,-0.5216095928795664,-0.16627635933029042,0
861,0.6023351927024552,-0.2819835125960005,2
862,0.613831438540124,-0.29138989807707005,2
863,0.6203072137105202,-0.2911679598588372,2
864,-0.562984484806384,-0.14595140897719255,0
865,0.23615277208167115,0.4216058902454038,1
866,0.12714415504371934,-0.2642621225311512,2
867,-0.055873918667528936,-0.10080506715232511,0
868,-0.5263485294397179,-0.20617862641884702,0
869,0.3338155082195177,0.11352694068135004,2
870,0.6467490883359396,-0.31452357340162723,2
871,0.2293623284245854,0.5226166585408064,1
872,0.616168553343829,-0.29373250668673684,2
873,-0.6117577354848546,-0.22407906871351943,0
874,-0.5601255731965645,-0.13223241459980198,0
875,0.09461031070686537,-0.0989397205292054,2
876,0.6097992244916844,-0.2924134403155865,2
877,-0.4209224348268781,0.09266145475656087,0
878,0.2561366708708819,-0.27198258326117897,2
879,-0.0443045597494843,-0.23779204794745085,0
880,0.03758763028767651,0.7422694583324145,1
881,-0.5331283033003174,-0.1775902656131663,0
882,-0.5748013567061504,-0.20393837277668345,0
883,0.6352066685698294,-0.30679690423486466,2
884,0.6147811041066852,-0.29229196666662455,2
885,-0.6090988961826299,-0.21976814002939155,0
886,0.6212116035398902,-0.2963007038741596,2
887,-0.05475038192451222,-0.04278469820040165,0
888,-0.5774994439057515,-0.21058431129226282,0
889,-0.6322464640446867,-0.22957122392542734,0
890,-0.21556235518453645,-0.24208368588179816,0
891,-0.6397103762500851,-0.22983691691913222,0
892,0.5582591117719721,-0.2634859677583524,2
893,0.3442552274118171,0.27548183635055945,1
894,-0.5470196195241961,-0.1313895979845251,0
895,0.5776095526065682,-0.2730885001526401,2
896,0.6420898603005827,-0.30997866114888517,2
897,-0.622921646963683,-0.22487941129042804,0
898,-0.0552321971948581,-0.25056161674843414,0
899,0.36404021833267014,0.20987846096870988,2
900,-0.6367350244397327,-0.2317088036377454,0
901,-0.13181673752912623,-0.2619076268630008,0
902,-0.008747121793581518,0.6395913454839192,1
903,0.6082426588494567,-0.2860011477331042,2
904,-0.05102439655972728,0.6496906225324306,1
905,-0.6100944780816357,-0.2149280299790186,0
906,0.43099346819742124,-0.277124715930289,2
907,-0.6203862845232434,-0.22685536255585798,0
908,-0.2197832923304024,0.38540586143648775,1
909,-0.6419101858121163,-0.23361607351824756,0
910,-0.5957608866322956,-0.21554986715782415,0
911,0.36241547831111975,-0.2807975121281032,2
912,-0.5615717867383195,-0.20160884809644808,0
913,0.6332745210356229,-0.3072908057966141,2
914,-0.6077402240668758,-0.2237432925563662,0
915,-0.5973503881111776,-0.21021234028623428,0
916,0.6264895385770358,-0.3003518326499745,2
917,-0.5926062354359513,-0.2131746200506568,0
918,-0.592234813943239,-0.21029205409970014,0
919,0.07299499820067877,0.8328843664512398,1
920,-0.5265412770981113,-0.06494070462313717,0
921,0.07427872149688558,0.8257587011911295,1
922,0.07279322924429543,0.8222012580525672,1
923,-0.014216092849784126,-0.24650958031762563,0
924,0.0038713780147242244,-0.24341180235041746,0
925,-0.19009905387879045,0.3657933915039865,1
926,0.6196897595266786,-0.29803436956561585,2
927,-0.47634397326336175,0.011321029393637494,0
928,-0.6057744521061419,-0.2154673845987049,0
929,0.07745865412039708,0.8266958789411631,1
930,0.0754031722336406,0.8089953926526356,1
931,0.07440010308509641,0.7917173538661271,1
932,0.4096280071416931,0.14313717967997067,2
933,0.6162014747001273,-0.2937272482362758,2
934,0.5320423086118977,-0.2583771151243858,2
935,-0.6224730488482676,-0.22837941847236465,0
936,-0.5518437631905839,-0.19078033942853886,0
937,0.5038367482617586,-0.08493259572203997,2
938,-0.07430527851664016,0.5561020510158811,1
939,-0.22485107164966514,0.32504867481626565,1
940,-0.5775864002222908,-0.21309311860340702,0
941,-0.1488351423002497,-0.24620292142319167,0
