,PCA1,PCA2,Max_Topic,PCA1_adj,PCA2_adj
0,-0.01106340495338601,-0.045534407195841176,0,0.03293353767730432,-0.03333411561594001
1,-0.018528783234444395,0.03422337533101317,0,-0.038854367949704045,0.0022120846334260508
2,0.033188050252843035,-0.08013871165942917,0,0.085624724766438,-0.013858798457662337
3,0.04675546715407443,-0.1103989284400676,0,0.11850051230792386,-0.01821059285884139
4,-0.008649232368638063,-0.01534104365564168,0,0.008510116166977652,-0.01541864987071001
5,-0.013100379375798171,-0.0013985671113931836,0,-0.005691871663579103,-0.011881857040052873
6,0.028639789789406084,0.007954374233477642,0,0.008276706260763012,0.028548305765852874
7,0.08793504264196549,-0.038587142304933784,0,0.07902814687641692,0.05455356337568586
8,-0.02408960450605135,-0.014954337065490647,0,6.989916714575731e-05,-0.028353771467526316
9,0.18273387132529367,-0.08364658080468311,1,0.16716929113089918,0.11154750697633739
10,0.10310037612759668,0.04974818083717813,0,0.011829992221689511,0.11386228672521578
11,0.037046281445469946,0.033744311645187756,0,-0.009251927464632326,0.0492494403575686
12,0.013472359937966548,-0.1135315090024287,0,0.10368168807252447,-0.048176919547625846
13,0.05031229452927276,-0.006049971489973317,0,0.03157809668825018,0.03963272568695349
14,0.05139325882119444,0.06269098656038068,0,-0.02634597248497477,0.07666365880909326
15,0.14565747366156323,0.06774054685016825,1,0.018876403681381736,0.15952605650829066
16,-0.01770777517860206,-0.08264092477277382,0,0.06101717048555172,-0.05848070327050021
17,-0.08564199098275904,0.2219693305305419,2,-0.23386410671628988,0.04373229819549544
18,-0.046557253852476777,0.049555560074791415,0,-0.06662454991557726,-0.013583106020236244
19,-0.09690278392392934,0.10074034502506185,0,-0.13662547781750156,-0.029533801975289813
20,-0.015835030111988144,-0.09704780089839803,0,0.07425982632131402,-0.06445542671172812
21,-0.054693725050403694,-0.033038829637485854,0,-0.0006189598343091483,-0.06389510710866272
22,0.0013877885105387214,-0.047621440667892666,0,0.041250287528116866,-0.023835715787097537
23,-0.016877321737732,-0.05993872381628407,0,0.04213604313017114,-0.04584810215369942
24,-0.05093796616343904,-0.05177410534889,0,0.017295935029663236,-0.0705413709322075
25,-0.0006490074767633648,-0.01389173596455009,0,0.011479589195682136,-0.007849877114455178
26,0.11963754223768308,0.055507644745529786,0,0.015616581073005793,0.1309593926889537
27,0.019219019465259623,0.07795168790870659,0,-0.05623319245628522,0.05730326712497996
28,-0.20157676712903458,0.2506335411093105,2,-0.319157671704052,-0.03985907133431554
29,0.051165852691329235,0.11635731315317886,0,-0.07213030037199597,0.10466225954996086
30,0.010916610826132107,-0.11891237812010366,0,0.10691769736346288,-0.053178304341175625
31,-0.024004253726426995,-0.0605774990763789,0,0.038935645163901085,-0.05224799639203553
32,-0.16180525792926478,0.01988565572182897,0,-0.10192063443794344,-0.12723429204742764
33,1.74035029093761e-05,-0.022661883287303272,0,0.019292218804507936,-0.011889976896876597
34,0.2209478928713033,0.13200073189327036,1,0.003748898499172773,0.2573482277861475
35,0.3074029616566115,0.02808356280751116,0,0.13758913261152494,0.2763231765929666
36,-0.10540168907793707,0.047936289071252865,0,-0.09615898225498529,-0.06450468201681378
37,0.1358716467933761,0.0635866426431408,0,0.017270265379096462,0.14901712471627557
38,0.16324557366467438,0.0765075684228701,1,0.020655929798662556,0.17909734199937616
39,0.017535913682295623,-0.08374520100627852,0,0.08047108775038017,-0.02907182478836736
40,-0.033632894388993646,0.0713280332493416,0,-0.07836137386007436,0.008851835909122814
41,-0.010982130981388881,-0.04022527877872406,0,0.028458676599583774,-0.030475957407746078
42,-0.008406459587977038,-0.03565251192836087,0,0.025920749988664997,-0.02588213456481766
43,0.22592217446514976,0.12214929886394955,1,0.014744617085352518,0.2564056871347092
44,0.01050470810882293,-0.0075750617152935875,0,0.011964000867783372,0.004959146668304494
45,-0.10126343953832014,0.01826108619481604,0,-0.06873433405778456,-0.07657246749177146
46,0.024400443730134936,-0.07162013792543687,0,0.0737599174167235,-0.016861209724222358
47,0.05188095665914334,-0.0716741952713566,0,0.0882420327084916,0.006493658070607547
48,0.046314696969429685,-0.033509189862252445,0,0.05284321648154484,0.021806224626908014
49,-0.09980905023931033,0.13589070156443933,0,-0.16806176568631867,-0.013541499021364214
50,0.07572947433738272,-0.05362108345658837,0,0.08540872697358427,0.03627014242081856
51,0.020940165662706133,-0.193278466535363,0,0.17546165786359558,-0.08371536766927294
52,-0.018924640315951403,-0.10551775585387843,0,0.07984390066855998,-0.07153384050612659
53,0.014299862630963034,-0.06958795792770259,0,0.06672467094293191,-0.02438828094330505
54,-0.09735717458808658,0.19789099690414946,0,-0.21953001131959968,0.021114929067124602
55,-0.06228750307222024,-0.02894964937884738,0,-0.008087636301901,-0.06820854328585399
56,0.023315228632759064,0.023627121358971884,0,-0.007856398563843457,0.032250856601266455
57,0.018560307691551967,-0.03433256751763173,0,0.03896384045665351,-0.002242621418402011
58,0.07975142903605721,-0.1626181243019609,0,0.1802675144339435,-0.01756610442270118
59,-0.05173325093250253,-0.0020976410127407493,0,-0.02539172413692048,-0.04512194250271298
60,-0.04335952793294855,-0.0922454363402445,0,0.055714253456167255,-0.08535333121789801
61,-0.05287394149557291,-0.05565844354648558,0,0.01958412168070119,-0.0742292274329329
62,-0.10350273318648939,0.23421601972740508,0,-0.25366749833399904,0.03496798482887477
63,-0.029259674237827344,-0.032358096849645204,0,0.012162868393805109,-0.041895579727099765
64,0.001784547926755611,-0.07338545512135426,0,0.06338140467832452,-0.037032515114067674
65,-0.011908238067184706,-0.028999499070332967,0,0.018420116663901746,-0.025366836268704042
66,-0.00020214573138757278,-0.03531096165024434,0,0.029940030125238465,-0.018721631116480154
67,-0.0027336987285055897,-0.053467015704310374,0,0.04405920005623171,-0.030413512909036957
68,-0.09841257291791557,0.01272036291692045,0,-0.06252209016926996,-0.07705731880832534
69,-0.06394672020989478,0.005986155971580802,0,-0.03868625945366191,-0.051267830248632656
70,0.029055005498029595,0.056161944992261084,0,-0.03252516366527126,0.0542261112228381
71,0.0037942311085530215,0.006935347977597675,0,-0.003908119006029259,0.006871815415899392
72,-0.02859336281256544,0.03886997583603987,0,-0.048095321657126135,-0.003910940184009164
73,-0.041364371306970404,-0.16290464672163193,0,0.11688652425724932,-0.12077448233869642
74,-0.07736701275941874,0.058257552408085424,0,-0.09021414968643553,-0.03522789054499695
75,-0.027092818725151683,-0.006740627251335257,0,-0.008496829929643013,-0.02659437465634595
76,0.0066556912367665335,0.2144275097011646,2,-0.17896074280433988,0.1183068369850243
77,-0.0308819510628953,0.03835257975420321,0,-0.04885731323875935,-0.006130107531139149
78,0.003796732663660157,-0.037907262532976736,0,0.03424993044863323,-0.01668286533923691
79,-0.04659535515760426,-0.046589224262169514,0,0.01516537048892937,-0.0641224958774026
80,0.19258465994610188,0.11470983768615838,1,0.003561951392783619,0.22413056598959444
81,-0.13945772934441533,0.14300432330375132,0,-0.19494309445799152,-0.043541757895227906
82,-0.034422077172779356,-0.0040771907249794945,0,-0.014613378081558959,-0.031431704728538803
83,0.03578756033267334,-0.03624383789653972,0,0.04964000177770335,0.011412076215351508
84,0.15172457107978468,-0.059679412146317,0,0.1304856755695749,0.09775206481003995
85,-0.07528053087382736,-0.013825080199640915,0,-0.027782708729052183,-0.0713190876753792
86,-0.0005682807678093687,-0.07053132612369284,0,0.05971682360556309,-0.03753520862150416
87,0.11163373174671992,0.0587202642225014,0,0.0086783741918307,0.12583658178544732
88,-0.04134485497027936,-0.024283117263761186,0,-0.001056771373958057,-0.04793693827125585
89,-0.16288634313343542,0.01617035285656229,0,-0.09932718796471265,-0.13010592154822026
90,-0.09445578904690197,-0.03449657791725821,0,-0.02026644322330563,-0.09849457473155993
91,0.1299986211801317,0.23704173450152888,2,-0.13340851312712226,0.23513952034789717
92,-0.18644540851676783,0.16527955671561426,0,-0.23858083015071546,-0.07182206979536206
93,0.12983363091433917,0.06765354646948511,0,0.010637820069230086,0.14601578972999568
94,0.017600941356160985,-0.03081798981337181,0,0.03546929766953735,-0.0012126646650493077
95,0.0065546504947357745,-0.026551571631745013,0,0.026036127917271657,-0.00837074920776473
96,0.06776753666370286,-0.04241818035918586,0,0.07169355630940996,0.03538043292782318
97,-0.006674357682805261,0.12097368073516646,0,-0.10644311816543046,0.05787090008209836
98,0.011133576196474182,-0.28028932572860094,0,0.24434788754194367,-0.13776854680988007
99,0.06519106987438746,0.18263771684283686,0,-0.1211607744948654,0.1514149197692747
100,-0.044402160661322715,-0.030389538704035896,0,0.002533134245819739,-0.05374624791490719
101,-0.0037721216070029074,-0.11949002047109814,0,0.09969290114085827,-0.06598044676811858
102,-0.09860648884544866,0.05254048702975089,0,-0.09650704242497854,-0.05630393576060563
103,-0.04817347734745107,0.0398645123781712,0,-0.05922744101484871,-0.020049276738260728
104,-0.19992163688861048,0.24346382985179493,2,-0.3121874628154881,-0.042217122156222614
105,-0.10988218724452134,0.0017506723673886752,0,-0.059213182426649635,-0.0925794737200763
106,0.15810657730027175,-0.10711047279386086,0,0.1741975404473549,0.07826595728554896
107,0.006301292126101047,-0.04182421756222788,0,0.03889858144638638,-0.0166093894713165
108,0.17114311336083346,0.04244354211844777,0,0.0537898811008717,0.16792280431660742
109,0.04661057265041061,-0.05073138370852018,0,0.06765307192671956,0.013010789163552777
110,0.04895511731131663,0.03214848904605395,0,-0.0016380630489476779,0.058544390067338616
111,-0.04959209587440409,-0.054343500109963576,0,0.020189257344706776,-0.07074592472564693
112,0.15605005396902227,0.07395984920030269,1,0.019043828347571387,0.17163627600054282
113,-0.02480328156697458,-0.022467109718010587,0,0.006087633643180731,-0.03290766646540227
114,-0.12175236703256742,0.21335583792945406,2,-0.24550443006691713,0.008480994878590789
115,-0.020501586490702526,-0.030171657279662128,0,0.014903235331085445,-0.03329470721155889
116,-0.10234644666800448,0.02225822444430533,0,-0.0727044405415947,-0.07539421746071431
117,-0.03208699882980496,0.24610800049749706,2,-0.22627017107983013,0.10198300388929679
118,-0.09548286625437358,0.12480450387549186,0,-0.15635584142415287,-0.015684157239182872
119,-0.04070685352089774,0.017782563507862,0,-0.03651545121420158,-0.02529603350539833
120,0.014892464972683797,-0.06698060812177294,0,0.06481737484410383,-0.022514335336493194
121,-0.13690083847544476,0.017177461616131217,0,-0.08653338337045101,-0.10746570767140573
122,-0.009024075244303195,0.008303096672658885,0,-0.011805679377891152,-0.0033168181736116355
123,-0.05519826923433731,-0.004607646416753663,0,-0.025076201997655884,-0.04938889981909873
124,-0.026687819786171272,-0.01893666663471313,0,0.002093577815124396,-0.03265660729631037
125,0.12382540116902849,0.10955074833259773,0,-0.02816891186329032,0.16291288727212833
126,-0.021316947775322143,0.009429781741688084,0,-0.019222095920445777,-0.013184994295670646
127,-0.05265433057256999,-0.05679709335486618,0,0.02066836926270033,-0.07464051750642894
128,-0.07471096889341818,0.0370763589090792,0,-0.07079571923821742,-0.04409480015253098
129,-0.02579832085786702,-0.06087536754797797,0,0.03824663958267172,-0.05393105129533518
130,0.017844162977297923,0.0501171621903629,0,-0.033270938763406005,0.0415113084854862
131,-0.09953488443142545,0.08573103624417507,0,-0.12523670434839013,-0.03965818551360116
132,-0.0881451366847122,-0.024870580367138424,0,-0.02514211401621651,-0.08806807021707957
133,0.14584621712259993,0.0518619703428407,1,0.032486691486379546,0.15134529359409576
134,-0.06118910659235336,-0.022056985980643155,0,-0.013375616057546225,-0.06365304620520358
135,0.03250537500116598,-0.15109638844346976,0,0.14564423771380328,-0.051715317125504416
136,-0.054891117485403,0.004572162369191583,0,-0.032725980080546946,-0.04430518790496449
137,-0.033122101448803336,-0.06038436526433383,0,0.03398150102326927,-0.05990494771691947
138,0.15240884854213746,0.06817653542732502,1,0.022052065143939745,0.16549985957607619
139,-0.17649887358386593,0.1344997642181485,0,-0.207165062717396,-0.07952782997421984
140,-0.061658570609706885,-0.07213554788044366,0,0.028989788995319524,-0.09035988452654663
141,0.42096367534733625,0.2754423832488683,1,-0.013233419559055687,0.5028954156268757
142,-0.050680970115767006,0.022716849579471832,0,-0.04595367538991064,-0.031190955497553123
143,-0.003215100999638081,-0.01785145521617421,0,0.013500902910125859,-0.012113502729776482
144,0.10357011289143424,0.088470520744752,0,-0.020872220232873287,0.13460368400509126
145,-0.026120647547045912,0.03822327406285325,0,-0.046246069137936496,-0.002146624711071625
146,0.17606258053156204,0.16591792193240743,0,-0.04869059959444032,0.2369726030429153
147,-0.11978694400066098,0.019398870616131453,0,-0.07943328303607283,-0.09173647955044952
148,-0.057147720878888836,0.0706594795293797,0,-0.09014535456179396,-0.011508218799739137
149,0.021298071139326705,0.03431120938375468,0,-0.018007183906772382,0.03614703655044704
150,0.04063831673159058,0.013062643074272202,0,0.010233152336014576,0.04144138057703708
151,-0.08635705617250931,0.10058032445685818,0,-0.1309494130761128,-0.02064446738596975
152,0.0869147297988836,0.10620076199449356,0,-0.0447083839738185,0.12974564542470635
153,-0.04986037430607828,-0.04150441962812252,0,0.009123505951647026,-0.06422955249540335
154,-0.06092134849616311,-0.004683597690553287,0,-0.028018034171070766,-0.054298587008380084
155,0.09121905804272468,0.07809523915109702,0,-0.01853213725391928,0.11864376434128727
156,0.059371703024152206,0.2829321720327862,0,-0.20955872127464806,0.19915008267362738
157,-0.07177698718684178,-0.004989957820331044,0,-0.03346005696374015,-0.06369662594401682
158,-0.12264041122167654,-0.030747943631939684,0,-0.03826217112380146,-0.12050772905962423
159,0.028097004805048207,0.07943410255366501,0,-0.05283078338710894,0.06563632115091039
160,-0.020610575415110074,0.017238053879184537,0,-0.025495109269650585,-0.008482082516233011
161,0.15023486673523487,0.04805804152178269,0,0.03802892207002827,0.15308132356383286
162,-0.03174574252118378,-0.014626017135931918,0,-0.004231407066862949,-0.03469593261055786
163,-0.03202536107530888,-0.022621058290626064,0,0.00242471185549829,-0.03913383194385157
164,-0.06451667920221445,-0.009780911611640944,0,-0.025569418066920792,-0.060035597664678975
165,0.0010410467562235028,-0.051930610735063304,0,0.044734824458106275,-0.02639446135778741
166,-0.03482327481965561,-0.05759684457401495,0,0.030715926064665285,-0.05988813622111237
167,-0.06792033208933866,-0.09094628324185229,0,0.04170646901943829,-0.10556973235053646
168,-0.02673941574567693,-0.12063774779177874,0,0.08860428172853947,-0.0861263246984485
169,-0.029351933590692537,-0.026284925609866602,0,0.006946719714044076,-0.03878371314151287
170,0.05826903930411868,-0.14669680979291946,0,0.15543484010444444,-0.027481728958541007
171,-0.14746805320499584,0.010655808853338479,0,-0.08653527630679478,-0.11988335552901852
172,-0.05307512122574932,0.005558374661266301,0,-0.03261116882900536,-0.04224187128441521
173,-0.220687289650963,0.1682343295368975,0,-0.25908306985681867,-0.09940640000414598
174,-1.3881839462700958e-05,0.016824350603483144,0,-0.014323191662016524,0.008826389213462708
175,0.0047195639821218365,-0.008361624546629259,0,0.009594226534998605,-0.00037665160993068016
176,-0.014429981049686997,0.012573935551299145,0,-0.01827959242148902,-0.005673156903064781
177,-0.04610305113322795,0.13923803258787537,0,-0.1426970791900924,0.033915551497090204
178,-0.014287449602275869,0.006898621668603995,0,-0.013375572932443222,-0.008533243568127988
179,0.05310787494696001,0.029243518095317417,0,0.003015321871937454,0.06055194105874489
180,-0.020321594478278967,-0.029176084466261226,0,0.014150652677169919,-0.03261855508345107
181,-0.030116556212567796,-0.018405021048956232,0,-0.00015999192624557151,-0.03529484608977371
182,-0.11512907947417249,-0.04014142535896322,0,-0.026323356682361708,-0.11905091290449102
183,-0.08952924486413733,0.16391272644123253,2,-0.18650559761421967,0.009926209442872175
184,-0.08473764943841645,0.05508144980664677,0,-0.09138355030765338,-0.043168067808493485
185,-0.2356308485111682,0.2825458968210999,2,-0.36420136541442333,-0.05207154703676872
186,0.0834346825739681,-0.02178241532078049,0,0.062364807355450996,0.05955208373300865
187,-0.1087356086403462,-0.044339245963265654,0,-0.019392785520925056,-0.11581589350653435
188,-0.15780476576044658,0.015507851779658511,0,-0.0960939991314579,-0.12613001583466418
189,0.15618903866006448,0.05365360340014012,0,0.03639549618329936,0.16108722113484386
190,0.23351695360041702,0.15126221585197638,1,-0.006037962109258721,0.278161766921402
191,-0.04117365141860295,-0.04324969100328102,0,0.01517189005959493,-0.05775481880362431
192,-0.0718849948816041,0.01603899946201988,0,-0.05141040964959013,-0.05274155640983921
193,-0.15347830003859486,0.04405156102786085,0,-0.11810915435647551,-0.10745397279266383
194,0.08802904230015979,0.08096920304577482,0,-0.022653388675528477,0.11743912513156196
195,-0.07152929593797566,0.02195328787541773,0,-0.056256042029174405,-0.0493319851732649
196,-0.02872002373328423,0.007260115719238315,0,-0.02126491804048671,-0.020624070990677947
197,0.14465062336399795,0.143245265322549,0,-0.04589974798648211,0.19833361291444795
198,-0.07019859430079278,0.10613592107004349,0,-0.12718829448847643,-0.00397669816636842
199,-0.08618026342654601,-0.07406230307391377,0,0.017747487340638295,-0.11223764624213663
200,-0.07371846910350628,-0.01006766995480809,0,-0.03015931695365983,-0.0680160735868533
201,0.030272721544912295,-0.013733148137084853,0,0.027588510441693328,0.0185448407677039
202,-0.046845766746537246,-0.02644456303984088,0,-0.002107339459617129,-0.05375313848363679
203,-0.050419940431765835,-0.020069878087566148,0,-0.009409173382006582,-0.053445653292479474
204,-0.2425330025083536,0.19143946086692876,0,-0.2903044312182049,-0.10580482832939131
205,-0.00516535336124846,-0.006838141957474818,0,0.0031051253922025723,-0.007987443713469105
206,-0.15072112853531142,0.15476165663714128,0,-0.21086436209430504,-0.04694943823510671
207,0.006858311723207882,-0.11171369271059658,0,0.09866039682053561,-0.05284989761527206
208,-0.10091515557353825,0.0362565708699671,0,-0.08386379416851777,-0.06682268763931051
209,0.025646105272675888,0.043137772180883875,0,-0.023233619361992974,0.044483581642321
210,0.07614039326549077,-0.00515235425357027,0,0.04438237921360299,0.062081484005440925
211,0.08176491210690982,0.07357424308384221,0,-0.019651676511462587,0.10822421959755507
212,-0.016107267717973016,-0.004422054095987848,0,-0.004698760496068605,-0.01602873312420179
213,0.041476227081750125,0.0245259065820753,0,0.0009191937461583491,0.04817626583149229
214,0.14860975864932713,0.08349009649434815,0,0.007025956600652861,0.1703117509518723
215,0.008068868840764578,-0.051553993443536374,0,0.04810622895185379,-0.020216617431644622
216,-0.032891896643581976,-0.02689753909646282,0,0.005608374257680768,-0.04211769951509233
217,0.040327718020245186,-0.09365288020964954,0,0.10087460288803818,-0.014882919890396987
218,0.11368732432718531,0.09900009857527182,0,-0.02451708148800069,0.1487438736415685
219,-0.09815229323784203,-0.06836421444881688,0,0.0066097931357804104,-0.11943135735540036
220,-0.08737412648238953,0.11387093327975156,2,-0.14279272836467077,-0.014528047037905015
221,-0.009911137212673272,-0.0010640231956698973,0,-0.004301157224625362,-0.008992376367702452
222,-0.15683901775999118,0.1936564681727649,2,-0.24717395605093279,-0.03172287198851144
223,-0.034731620601464654,-0.04048657180724698,0,0.016204882637865882,-0.05082174480476288
224,-0.013086757777879824,-0.033596573969041726,0,0.0217126815794771,-0.0287845873728012
225,0.0507011949095422,-0.14149382711268874,0,0.1470320487353241,-0.031187993217648903
226,-0.01905284457215692,-0.0481951269585599,0,0.031000525191127372,-0.04153009254404274
227,0.07096437269292044,-0.021468816869946353,0,0.05554703734046245,0.04910579326507491
228,-0.07537780446350041,0.07402441755506103,0,-0.10258525595266668,-0.02525258523853738
229,-0.039576182120279774,0.05230553603688559,0,-0.06529720366767035,-0.006198264636676047
230,-0.2696601208317747,0.13300068739697488,0,-0.2548291446517236,-0.15958656162454937
231,-0.13288384077626392,0.06779253878172489,0,-0.1274917137048111,-0.07745841717033478
232,-0.17813121536107432,-0.004834494685177715,0,-0.08946255575703971,-0.15411214534323053
233,-0.03425047129482056,-0.03325161821694542,0,0.010301393438722054,-0.046611652954851084
234,-0.0032491571018301774,-0.021061800497186735,0,0.01621470660537596,-0.013828946154976743
235,0.21633557721498675,0.024702911669401816,1,0.09262604106885938,0.19705768782211402
236,0.046149217411030105,0.030824514555090023,0,-0.001985489404235201,0.05546132703995777
237,0.1032470740976443,0.0835779657964325,0,-0.016878827364990398,0.13175864246104294
238,-0.0030175091746224773,-0.014751256910730901,0,0.010966732575760769,-0.010316768809906743
239,0.18790603928454028,0.008378919321101084,0,0.09158152228570522,0.16429154167036597
240,0.01954177042612875,-0.12614491805721484,0,0.11760287708222511,-0.04963853790183609
241,0.023515768280596806,-0.01375714653039488,0,0.024059354631985323,0.012782718536283478
242,-0.1243237564867303,0.02958266086573865,0,-0.09048199341065485,-0.09024710033737003
243,-0.028392913913616705,-0.05108986261247445,0,0.028557122159486675,-0.05099825875689992
244,-0.022204219967851883,0.029298200704396458,0,-0.036594307235537235,-0.0035026599673614583
245,0.05500527549968609,-0.011823356243789612,0,0.03895601622062529,0.040593113774165
246,-0.04808025006678537,0.12978571280885653,0,-0.1356927330511664,0.027267634530565764
247,0.21100420216372054,-0.0074411191631675025,1,0.11717682165196158,0.1756352357947946
248,0.04245040889917397,-0.01748419760142802,0,0.037177498591746,0.026936369093357296
249,-0.04845925407699019,-0.19800030181459016,0,0.14302244294450583,-0.14524806242615657
250,-0.017511618219974562,-0.046792341363821016,0,0.030616530076945092,-0.03948174349035282
251,-0.010954137731470573,0.008508840829287174,0,-0.012994652070219723,-0.004851033216965844
252,-0.0711471167309579,-0.004607246855815163,0,-0.033454822271742124,-0.06295962046808348
253,-0.05530949352335288,0.04964645790384209,0,-0.07129963914920305,-0.02098266697541594
254,0.010356332085843948,-0.04734910786532907,0,0.045729931734347064,-0.016061288039469483
255,-0.012354868019465105,-0.04548362660871612,0,0.032211894350384386,-0.03440634993165048
256,0.11699494536170707,-0.03821153328814586,0,0.09397434573176969,0.0794780526982495
257,-0.11876323764713159,-0.05523702174890764,0,-0.015387563708310577,-0.13007327962053172
258,0.41017440609549005,0.35903826481944184,1,-0.09003329020526327,0.5376295431569572
259,-0.059209881156162304,0.01012216651947485,0,-0.039717239693959,-0.04506449991587003
260,-0.018092795114558993,-0.022659123635365652,0,0.009776185051335146,-0.02729855902464904
261,-0.19704567906767798,0.07312090594474854,0,-0.165731264601287,-0.1292548430778565
262,-0.025216014544309766,-0.03509619728402949,0,0.016616951056251845,-0.03989319980764255
263,-0.08850963680391816,-0.0003190650194491025,0,-0.04622456488576442,-0.07548077378226786
264,0.002050013661004674,0.008733074833505838,0,-0.006354086902347836,0.006332040089523319
265,0.44528191778231924,0.2828074911429948,1,-0.0067255083442450125,0.5274569469520775
266,0.13675403889196572,0.040676408784719204,0,0.03722820408927645,0.1377327056482012
267,0.022256859345672085,0.020054081066933307,0,-0.00537207064484155,0.02947328981228589
268,-0.08007408759396446,-0.02645933176326941,0,-0.019550340293443023,-0.0820349921422269
269,-0.055702309853545774,-0.09098247387115317,0,0.04815565949379148,-0.09519238590062497
270,0.10668238641007681,0.09963883198471703,0,-0.028740429915495476,0.14311888798373226
271,-0.01999315395692234,0.0024385496483734334,0,-0.012577813889941896,-0.015731221417384166
272,0.03541344980358257,0.03995411525071407,0,-0.015393633604760142,0.05112220453873839
273,0.012754605849758176,0.004946735815041881,0,0.002491079971622924,0.01345156816811641
274,-0.1562738361289802,0.1469877757870181,0,-0.20716649887605632,-0.05575804724628561
275,-0.013276772205992873,-0.007574158477813455,0,-0.0005297022361806913,-0.015276124259701592
276,0.1488520175300014,-0.042785753442077745,0,0.11460178629210366,0.10418240925903527
277,0.005140231627182482,-0.109212212824148,0,0.09562933351561308,-0.05299773563547528
278,0.03675222971005253,-0.03291928156617274,0,0.04731788711455827,0.013979379331978545
279,0.026621392830610133,0.011143591802550258,0,0.004502681486114641,0.028506210795862123
280,-0.06403319582642421,-0.03392805853348862,0,-0.004768541195146973,-0.07230922720142435
281,-0.06326536048489124,0.36515864949923366,2,-0.3439494668662104,0.13799314977141822
282,0.0049531815917705155,-0.016447139571638694,0,0.01659694423477619,-0.0044253643960409745
283,0.058067822078393685,0.03464358107657461,0,0.0010259585399950248,0.06760914937943972
284,0.09161706026840291,0.08140212987103963,0,-0.02113690290202045,0.12071960824769246
285,0.21799864846690553,0.22407759988230297,0,-0.07614893593678562,0.3032087087438391
286,0.17364846413644708,0.1906411133828383,2,-0.070995838763263,0.24790605899633822
287,-0.2640613816765728,0.2503511074231956,2,-0.35174188986971167,-0.09317581870767064
288,0.051681531115228996,-0.021956430805031624,0,0.04583224906878838,0.03244180108142998
289,-0.11821017677974383,0.11664771975896628,0,-0.161354361036203,-0.039307843922851866
290,0.18199868258887988,-0.028145846935752894,0,0.11955731025842706,0.14007768818619507
291,-0.05012403335887796,-0.029881065654429766,0,-0.0009053528094623182,-0.05834789748651319
292,0.013216888608175494,-0.024980556308843646,0,0.028199165617647213,-0.0018765384218636626
293,0.07856794853554472,-0.019034488866077903,0,0.05746998464587251,0.056854508777053246
294,0.01551117969332974,-0.05358972570277393,0,0.05374805024471613,-0.014953343815641484
295,-0.019112801844570534,-0.02404506111773396,0,0.01041965217584915,-0.028894549780879138
296,-0.0700182041491527,0.006388232219407886,0,-0.0422178715681153,-0.05622285783753462
297,-0.010464755314253523,0.03171899947494331,0,-0.032487174522099684,0.007758190707200277
298,-0.1276657452295651,0.05588568281233156,0,-0.11461894766390146,-0.07927325453670092
299,0.08015373075010743,0.20716209511854394,2,-0.13416843963743408,0.17702989581514636
300,0.09417540933814725,0.0661836409680318,0,-0.0068434800349596245,0.11490190963079785
301,-0.045739661916050715,0.1520079938879173,0,-0.1533721879221799,0.04093310213002748
302,-0.07000592951984828,0.06885155783032382,0,-0.09536168735188774,-0.02339905487410135
303,-0.14749933212722777,0.15295375527834867,0,-0.20763353195943807,-0.0451577306535242
304,-0.09956273800272983,0.026158740505977517,0,-0.07456106003364227,-0.0709765230912228
305,0.18997536695433148,0.03787785242448163,1,0.06756783946505279,0.18154877808387632
306,0.20324272511608937,0.09855262469958559,0,0.02290909686175363,0.22471181194759307
307,-0.0037655321321022543,-0.018973802308109168,0,0.01416675842919066,-0.01317146012688262
308,-0.035026813344624694,-0.016367396149407017,0,-0.00447328017716905,-0.038402592025113994
309,-0.01942472951920155,-0.05235295239801823,0,0.03434307417196722,-0.044030727885217405
310,-0.01946136988040206,-0.1626611779187534,0,0.12818548406524832,-0.10200924171121037
311,-0.14519419885055507,-0.017552389088063673,0,-0.061338315565942936,-0.13276691148808917
312,-0.13820071916267324,-0.06543518373592366,0,-0.01692084817714097,-0.15197001988747752
313,0.07431438980621172,0.22801421939119795,0,-0.1549791198730909,0.1830152594190142
314,-0.07375139776949476,-0.008807283720135579,0,-0.031249082195323137,-0.06738198410132444
315,0.07331674858541914,-0.19797107718574053,0,0.20696918751370447,-0.0416130802168865
316,-0.0857404673213776,0.007033302777169174,0,-0.051026014937636505,-0.06926211723610283
317,0.16381756072321027,0.05343260722571386,1,0.04059097298897891,0.1674622632954902
318,-0.10379746703868784,0.15246586160555523,2,-0.1842608308303043,-0.008227960895494449
319,0.17207612152982435,0.18926159819300553,0,-0.07064799057129986,0.24584345746746056
320,-0.08034826635333642,0.06577006778341576,0,-0.09817269356454772,-0.03381816021759921
321,-0.036954458829505425,-0.12227390067977599,0,0.08463030323895743,-0.09567784795087862
322,-0.024419204426162862,0.028383456543136846,0,-0.03697952824551471,-0.0058679332717788725
323,0.03197589167346031,0.00155954283999069,0,0.015470618508912426,0.028027661071418908
324,0.02660529559059567,-0.060440617938309814,0,0.06540548162146317,-0.009112245831415563
325,-0.04976523208395232,-0.08373732871168146,0,0.045109617443524055,-0.0863344714365979
326,0.0038978156485587794,-0.08336866611845938,0,0.072986300104451,-0.04047872841708745
327,-0.03118272753050887,0.006418262593470187,0,-0.021842294705257566,-0.023161838289940884
328,-0.042260727077838504,-0.049805801853684155,0,0.02017944314213437,-0.06212388450434637
329,0.019937790234406103,-0.018614713337079567,0,0.02631308480528219,0.007186417750371524
330,-0.009609056550161506,-0.036349031036757885,0,0.02588166992498447,-0.027271325361807118
331,0.0326808188160863,0.021657167335700254,0,-0.0012602072807141908,0.0391852101322172
332,-0.009576916358644206,-0.056874324827776976,0,0.04336359870318972,-0.0380263653149322
333,-0.08277267665287352,-0.011003884080750218,0,-0.03411906337117915,-0.07621214456907248
334,-0.009289396861222106,-0.17525756067226125,0,0.14424735164322483,-0.09997103085770628
335,-0.09550902913099898,-0.0006412494239914266,0,-0.0496273517381671,-0.08160583193513823
336,-0.18839232797799776,-0.029208956587938276,0,-0.07411262830276308,-0.17564780303773236
337,0.12474890682411931,-0.05815929248222954,0,0.11502129079322379,0.0755969293034246
338,0.016247282959583952,-0.011219854150956774,0,0.01808206843902093,0.007930834237587635
339,-0.0031053638814713454,-0.003748326554888717,0,0.0015581483464423673,-0.004611443432257369
340,-0.02094377602810764,-0.06358122851360581,0,0.04309926535999778,-0.05122175025361192
341,0.012282836805975512,-0.037632445416227574,0,0.03847402470074454,-0.009317641940645369
342,0.1614910104311181,0.05094075524048621,0,0.04148911059930011,0.16417356881122389
343,-0.026052371531355163,-0.043037460474428996,0,0.02293484317841955,-0.04477657908859391
344,0.05128531849337376,-0.10685176434763018,0,0.11786184839417738,-0.012492723092913938
345,-0.03508409968992931,-0.0016942380507220039,0,-0.01698881589623399,-0.030743204583603176
346,-0.025795851226469796,-0.031434160455660186,0,0.013196310052956876,-0.03846283641434395
347,-0.05033586819099587,-0.07462226511420104,0,0.037053810007432006,-0.08203168437407919
348,0.09230263438567939,0.005670269740684819,0,0.04366375096119299,0.08151935429986824
349,0.0036652862483076425,-0.03849299218922043,0,0.034679278185219195,-0.017102410225275203
350,-0.05597875987655885,-0.010030142607828906,0,-0.020872189773322575,-0.05290157854088315
351,-0.005095467370445771,0.023622752828875004,0,-0.02277744469428648,0.008073800352753364
352,0.022250632327658556,-0.02423943656726559,0,0.032314168434625146,0.006199632445380299
353,0.015114045915414017,-0.07219114996013723,0,0.06936744460061964,-0.025063003532701977
354,0.07235097676748144,-0.027722689924680962,0,0.06159689357487623,0.047000362528325436
355,0.003872334892753854,-0.007881023945713033,0,0.00874021371957475,-0.0008450917646614202
356,0.052427326906857016,-0.11113978910342713,0,0.12211046590319216,-0.013773577801648333
357,-0.05203115487233968,0.22614745241136736,2,-0.2197627740792651,0.07452673640034799
358,0.01776033547325169,-0.011610079744176969,0,0.019208952527321015,0.009013301869554707
359,0.02926356895151922,-0.08890259850739106,0,0.09102033065169755,-0.0218020158976719
360,0.034571595420066374,-0.019035047981578537,0,0.034358208679872417,0.019417563128778317
361,-0.12753310662465103,-0.03857715443987264,0,-0.034170508532780614,-0.1287837974149837
362,-0.06584328813905121,0.017115313634648986,0,-0.049152407770734895,-0.04703523534664118
363,0.0783066570616174,-0.19973358196999463,0,0.21109021769136946,-0.038293032025951884
364,0.0783785736297079,0.0418537921989219,0,0.005560448882673784,0.088679321906977
365,0.011641967393872453,-0.030559134488834003,0,0.032118656708361226,-0.006147194218265399
366,-0.034999516819117636,-0.012819722639101118,0,-0.007477668605917486,-0.03651569441124263
367,-0.06561913697433872,-0.04046912223396722,0,-3.5856796177881345e-05,-0.07709487470600737
368,0.14144139659640084,0.030309287870757946,0,0.048511995885831424,0.1362751182628212
369,-0.11603173516474369,-0.031128358317953693,0,-0.03446679207700752,-0.11508422350970818
370,-0.031442933084983145,-0.04178715063278755,0,0.0190391696112109,-0.04870661166114461
371,-0.027564491351230843,-0.06633926146381007,0,0.04196807797716871,-0.05830419561162063
372,-0.016644171992334034,-0.03071667444512937,0,0.017393377014090397,-0.030298729120611184
373,0.0280748073044748,-0.017968314966508206,0,0.03003761614380221,0.01444980153208435
374,0.16230399145862529,0.056027648921132926,1,0.03758773164774865,0.16753759433813079
375,-0.026939192535183374,-0.022374476454520145,0,0.004886770675030568,-0.03467645834613473
376,-0.009922283478193508,-0.05081442536293992,0,0.03802577994812356,-0.035136840975311195
377,-0.029580327153591955,-0.015588399298094286,0,-0.0022749723856104135,-0.033358933553623474
378,-0.06351536083147705,0.09908156756014647,2,-0.11767487072576124,-0.0019957182676857213
379,-0.016911406363903998,0.08651433008060212,0,-0.0824992820130833,0.03105790465930082
380,-0.09164006523446135,-0.0013041907019673215,0,-0.04703080085938511,-0.07866197454989476
381,-0.04857238804916691,-0.04956578781401502,0,0.01665956005564075,-0.06736841441785098
382,-0.005760420345502458,-0.020769760986718958,0,0.014646987355004927,-0.01581237412359818
383,0.016331969951930217,-0.0710809016345746,0,0.06906253266438189,-0.02344342981894941
384,0.015683679956287316,-0.0024775898055733464,0,0.010347171844529778,0.012043766148331662
385,0.05639566023392132,-0.16676203903469614,0,0.1715242871678917,-0.039616499943534174
386,0.028540448409576483,-0.008285887675725957,0,0.022043416147437562,0.01993240915056013
387,-0.0697405152964719,-0.030183737103460232,0,-0.010952777911770368,-0.07519863107373477
388,0.30857176907888123,-0.20231034186032074,1,0.33424611836417245,0.15628673473648969
389,-0.011095270130260505,-0.013688838313490695,0,0.005819291396428511,-0.016632052226944062
390,0.14754791317095092,0.060257962132210456,1,0.026236450833328324,0.15720387186421245
391,0.005162251824226569,0.030730528643559924,0,-0.023436870738521166,0.020536000696222183
392,0.010884408358605555,-0.050763652221424184,0,0.048912789639481064,-0.017405681309804032
393,-0.109517374052607,0.08207625996567224,0,-0.1273708636327798,-0.05007225545919677
394,-0.031798175643861004,0.07433843370390532,0,-0.07995911611700748,0.011994434109814205
395,0.08872149194585838,-0.15400565870461883,0,0.1776513083898332,-0.005409128721238568
396,-0.05437937553979873,-0.06363234961393241,0,0.025578308851649065,-0.07969907476111524
397,0.02644742934899459,0.06334551235145022,0,-0.0400075035385383,0.05578100137906848
398,-0.010342682916777146,-0.019969767783111915,0,0.011559107031225289,-0.019291183475077068
399,0.15718221103746657,-0.09169854579192972,0,0.16059788751797632,0.08557563491873574
400,-0.0371484734361889,-0.021619380767810743,0,-0.0011189026534660605,-0.04296690307986932
401,-0.0655579479086336,0.004217269161598424,0,-0.038027520771685676,-0.053568064713329915
402,-0.057690958993124944,0.09592526239458754,0,-0.11192947317848516,0.0013022092779839956
403,-0.01618417137534544,-0.00017113113042251872,0,-0.00835628501222941,-0.013861067410727809
404,-0.006541312896845132,-0.04585601593581585,0,0.03558275008042866,-0.029655199689666296
405,0.05708606297416254,-0.20918929217231044,0,0.20798847013957766,-0.06131700281683972
406,-0.025412679075286864,-0.03216516192755304,0,0.01401961053834912,-0.03852080502744252
407,-0.0417402082372634,0.016530349576150436,0,-0.03599278192099287,-0.026833134188679806
408,0.15968443360020745,0.057949297745380726,0,0.034576482546272186,0.16631808770584514
409,0.1500054897042397,0.19729901336113062,2,-0.0890812436710815,0.23128570997944892
410,0.0546338640001054,-0.017362090101473066,0,0.043473833753955096,0.03736745973446892
411,-0.0634362036901236,-0.1241886352276369,0,0.07234811473673589,-0.1192171101493322
412,-0.018458383762594018,-0.034941307081700824,0,0.020035086479121403,-0.03406174072884469
413,-0.029071874839920415,0.02186661005573007,0,-0.03387847067560103,-0.013250349682925152
414,0.12506205177092192,0.06279437897996308,0,0.012265887366944839,0.1394030086896743
415,0.12462365026273486,0.08339881298752831,1,-0.005496800103304583,0.1498539335525147
416,0.21973074034519446,-0.019397246406158627,1,0.13193457485578686,0.17677986134854637
417,0.040549849926798706,-0.061993663180782345,0,0.07405235430911508,0.0019373757858175342
418,-0.017307044486860403,0.1777406947075072,0,-0.16033195461015504,0.07864447008445431
419,-0.07021973871177624,0.00914041408906632,0,-0.04466558335841946,-0.05494856265382936
420,0.21340491050399873,0.11138666024375944,1,0.017326990221930974,0.2401008523877571
421,-0.1521379107791261,-0.0031541436849327215,0,-0.07723751788666856,-0.13111162553080138
422,-0.1357262092236738,0.037956490773519334,0,-0.10359727394220597,-0.09555053057839222
423,0.03713404766366067,-0.04100490586657993,0,0.05439855069658921,0.010056713336111248
424,-0.10049702882816346,0.08788914887420579,0,-0.1275784855996491,-0.03934317355299587
425,-0.15465826653219072,0.04763990333784098,0,-0.12178234982042656,-0.10657297532205914
426,-0.06255251069130283,0.10107966234893516,0,-0.11886925027332507,-0.00012678256152048178
427,-0.05588747137450299,-0.020378590102442813,0,-0.01201870346924316,-0.05826016785178081
428,-0.036315773728376334,-0.014094350687456068,0,-0.007084541804469073,-0.03830529219588792
429,-0.08393142823068143,0.002263018532440079,0,-0.04601663524779341,-0.07022873470447644
430,-0.058921675957061326,-0.044444856023520905,0,0.00686543263958812,-0.07348452190231436
431,0.03354819765017712,-0.06998693851777384,0,0.07717573856696774,-0.008219398111118183
432,0.0004942553391624696,-0.027709268414394892,0,0.023837557353823147,-0.014135724382021073
433,-0.030716745323944427,-0.025194667437468118,0,0.005302049578424423,-0.03937229966421326
434,-0.1133302989080885,0.017779731252497908,0,-0.07466373400372472,-0.0870930669951907
435,0.23035248715545795,0.09477644139088856,1,0.04036361865930732,0.24579589189030798
436,0.05893236167039168,-0.18936175359290022,0,0.19208704898257598,-0.04933013874897955
437,0.01698099876555013,-0.033650929472569834,0,0.03755418653568892,-0.003228381496379421
438,0.07707836142800584,0.05408137483743925,0,-0.005527074340656038,0.09399638479200553
439,-0.016880376869534898,-0.0036517598249432635,0,-0.005760337843300557,-0.016281921907675335
440,0.10031479760837486,0.055733665658790454,0,0.0052735964432085655,0.11463633493587114
441,-0.05912549928379928,-0.05011036537261366,0,0.01157916163764271,-0.07663417252834881
442,0.13549887911404987,0.06964991571027379,1,0.011915181897389583,0.15188510605047575
443,-0.10284857012706879,-0.025303698961984592,0,-0.03249760877570852,-0.10080680027757215
444,-0.03453064412366046,0.0217724586951102,0,-0.03666596848764135,-0.01794469548608887
445,-0.058227064458437956,-0.06092585765902055,0,0.021254069712999833,-0.08155130708682275
446,-0.06212523630989294,-0.09291749048565501,0,0.04642806745102487,-0.10167418343647966
447,-0.15298015047652533,0.23612892750998535,2,-0.2812867735606717,-0.006127631407292167
448,0.03369608660313928,0.04775966042675236,0,-0.022937568157940656,0.05376131865425908
449,-0.13131324975171427,0.023126034992285917,0,-0.08865976220112523,-0.09958629233614658
450,-0.01702155589960987,-0.05344782780899213,0,0.036537147463408845,-0.04256102111063986
451,0.1564047224878409,0.07135713125125077,0,0.021444805395464707,0.17057079972391936
452,-0.032792632594874686,-0.06698983203889865,0,0.03977519321653879,-0.06309459845097119
453,0.010407234097909977,-0.1576749010014023,0,0.13963327790706717,-0.07397454040613205
454,-0.06509452799776382,0.033115317082749694,0,-0.0623735269307133,-0.03799295907094227
455,0.07634865326059348,-0.011535161429372817,0,0.04992293589073356,0.05890566420946061
456,-0.07402452426418317,-0.012358941498485484,0,-0.028370443427174714,-0.0694801523260212
457,-0.050829271014729394,-0.007490983203692434,0,-0.020327629729365256,-0.047185984050697065
458,0.10982954815000041,0.10056331618989946,0,-0.0278738035197136,0.1462824708818092
459,-0.05841499611230395,0.036626456977709027,0,-0.06185226326802533,-0.030464842854729134
460,-0.08743438815641683,0.04415917922232879,0,-0.08350640791820363,-0.051200441194146934
461,-0.12495123219866063,-0.026302013859029673,0,-0.04325915350883276,-0.12013847010305831
462,-0.03248707266904172,0.17272265168013506,2,-0.1640364867068729,0.06309164225859691
463,-0.17653156474078732,0.20584398237791546,2,-0.2678892827882434,-0.04207696042053059
464,-0.007844997925442333,-0.013135899414333912,0,0.007056233197118057,-0.013575913189969271
465,0.0021175884455346774,-0.03980294254007281,0,0.03498087986788267,-0.019107497464130683
466,0.17352715673931055,0.06569775168038015,1,0.035255182633377756,0.18216734284545438
467,-0.1468228502147488,0.021703650706308822,0,-0.09559698455995508,-0.11353067577623123
468,-0.010382139959623383,-0.05578535255729889,0,0.04201398669661065,-0.03813947183614853
469,-0.20821426620608396,0.1679168695441503,0,-0.2522605885474575,-0.08895982910806173
470,-0.1149289574993217,-0.047364195827285,0,-0.020072347360131013,-0.12267490855794651
471,0.002937231912150695,-0.01798476231399956,0,0.01684629015060052,-0.006948490120781289
472,0.015901243659502514,-0.048770383892397844,0,0.049852164490808495,-0.012089730787412115
473,-0.0006342679592485684,-0.04546947607143374,0,0.03835694254210691,-0.024425816442369415
474,0.03676660944631358,-0.018960981095059695,0,0.03544827403883326,0.021324217264245507
475,-0.046254584870714245,-0.06893150453331687,0,0.034355509642616806,-0.07556942434599363
476,0.058253178419814464,-0.16790452326817035,0,0.17347222617655805,-0.03863610326199305
477,0.045211911605775576,-0.02165166268337075,0,0.04217428741230144,0.02709688043424051
478,-0.07904704075183028,-0.07698729605494734,0,0.023983612899598702,-0.10770452505700877
479,0.05111221148972385,-0.02887097225691507,0,0.05141678064278994,0.028325004338235166
480,0.022789508033308935,-0.04468201120416547,0,0.049991910501132844,-0.004080770282207109
481,-0.05115663101039451,0.026447600440869707,0,-0.04937805957420133,-0.02963585156698173
482,-0.008722262329950036,-0.01848970248770374,0,0.011150956820215052,-0.01713485104195431
483,-0.017761597497375665,-0.1719867430184128,0,0.13701356808560974,-0.10546182380458974
484,-0.015758893308295514,0.020484059560518696,0,-0.025708451651092375,-0.0026485709513932743
485,-0.08837872162518483,-0.04729052333107757,0,-0.006187612833833726,-0.1000445174932024
486,-0.03711665780384552,0.18254579681863525,2,-0.17482705839764903,0.06431262609086373
487,-0.1731113512296526,0.12398495558584688,0,-0.1964384350120889,-0.08216903544634013
488,0.0015456685760885786,0.007557873565814703,0,-0.0056190475646910555,0.00528553201198213
489,-0.05435128801409171,-0.014581452262863812,0,-0.016144517591071078,-0.053907660036738025
490,-0.0075059446874862126,-0.005773976281326881,0,0.0009700589771713154,-0.009420031493033196
491,0.13272782321521803,-0.039291744514969515,0,0.10315832795574806,0.09229775520484851
492,-0.028582888808948336,-0.012689779065563275,0,-0.0042174422628257074,-0.03098750080528024
493,-0.0490437979000762,-0.029172597013252994,0,-0.0009407198336523585,-0.05705654717169406
494,-0.19633024448288525,0.13285164488990003,0,-0.21618052737379143,-0.09726820669186313
495,0.07658124574169992,-0.012256130189521788,0,0.0506585966945822,0.0587248372284573
496,0.033271255895944846,-0.1910271049094914,0,0.1800237591667564,-0.07204010976161108
497,-0.14547653804606633,0.07935832824575764,0,-0.14394830549812837,-0.08209782413710799
498,-0.027559940729408375,-0.02462808443300933,0,0.006478280970899936,-0.03638852499772442
499,-0.011231215666205222,0.0036626029766410667,0,-0.009016526332404809,-0.007632635115238009
500,-0.052531388797021454,-0.1324268278339622,0,0.08508656090858262,-0.11426586844661776
501,0.12242131690915586,-0.19546613220655393,0,0.23063343049401203,0.0014860727188527878
502,-0.021847870109249,-0.044025062649005735,0,0.02598391439865224,-0.041717763148124434
503,0.01394397521768278,-0.05525386343596943,0,0.05434078393517149,-0.017161091771304017
504,0.06640927718674756,-0.03399888483478388,0,0.0638160245038373,0.03864752622097311
505,0.08333686436669077,0.08852122406236834,0,-0.03154433421980025,0.11741377709026217
506,0.021118192074394596,0.04316947254705366,0,-0.025639205681811043,0.04064741724252146
507,0.07401021458661629,-0.16901297627553197,0,0.1826929303243197,-0.025810680389787996
508,0.017715034364039064,-0.03158109427764088,0,0.03617856151358033,-0.001516458077366667
509,-0.08855520247919753,0.13503389665399387,0,-0.1614208136809881,-0.004415658757297838
510,0.35594011652496454,0.20526111078563752,1,0.012325767295621709,0.4106988746190246
511,0.029616680826723033,0.055208719065717345,0,-0.031418999963958805,0.054203292200142625
512,-0.09063808117073313,-0.09416735257887573,0,0.03251315514218001,-0.1265924436636217
513,0.02295939606998641,-0.01493989454539711,0,0.02477348453038568,0.011687975921811061
514,-0.0011600285436954936,-0.19147862645274125,0,0.16232044961992995,-0.10157500524063186
515,-0.0402579644491298,-0.0019264307851518266,0,-0.01950918720531361,-0.03526764029170945
516,-0.041697533527215336,-0.061503710499773885,0,0.03042909279487294,-0.0677898297620982
517,0.05300982353055837,0.03821854104370356,0,-0.004673065352689413,0.06518328566787415
518,-0.076054700654145,-0.0360502149712142,0,-0.009277951627353738,-0.08365318346998425
519,-0.0016090152889307234,-0.14110280464028144,0,0.11921962267844542,-0.07549352274177266
520,-0.060370043390914396,0.04233741475915897,0,-0.06773876669735897,-0.02912830777492423
521,0.019997184959743758,-0.06554638722284663,0,0.06627861288220688,-0.01741728333271619
522,0.047760202045958246,-0.19079839690911146,0,0.187440512730542,-0.059591269074161526
523,0.10114393816227141,-0.11608663973954604,0,0.15191166565796407,0.02508086900439204
524,-0.08954814014884302,-0.009123916317559145,0,-0.03927803452575358,-0.08098982193387243
525,0.04236145630985787,-0.018552272805624874,0,0.03803959879633458,0.02629959563111619
526,-0.07778804199487613,-0.025917540883776586,0,-0.0188104420417228,-0.07980517322237846
527,0.07882594831271644,0.0712588659385855,0,-0.019225416243366884,0.10450712641978838
528,-0.03586967022998019,-0.025356183217457685,0,0.0027325391650183037,-0.043841789419188294
529,-0.09755452137990518,0.016636535528083838,0,-0.06540362190633714,-0.0742699481457505
530,0.16339378568033516,0.04891420285872036,1,0.04421308084178954,0.1647280544495464
531,-0.0026534675844189313,-0.040777166407796994,0,0.03330350974819839,-0.023678987075514538
532,-0.06657750795081473,0.11092032900679655,0,-0.1293571277816174,0.001617851664120741
533,-0.06876292722850635,-0.0794314975493723,0,0.031465863535176296,-0.10023772940342604
534,-0.05852552440609771,-0.05040532284653518,0,0.012145321987785073,-0.07627859943709772
535,0.05345778848855603,-0.12332333165053984,0,0.13301880932534016,-0.019297037211578313
536,-0.05247150164536731,-0.053357157019325266,0,0.01783735936626711,-0.07267787353069267
537,0.03898550552028013,0.10833129301398295,0,-0.07169953574795827,0.09008171435025245
538,-0.037712120199976495,0.007846550367167252,0,-0.026487663348842026,-0.027967410551575533
539,-0.08529356631023094,-0.07346023732557724,0,0.017700988965999052,-0.11116687416435471
540,0.011387036768562966,-0.031749287315320084,0,0.03299744128005435,-0.006989329035659637
541,-0.04738815657863873,-0.02463127408228005,0,-0.003935202729918503,-0.05326209934195632
542,-0.0008874041238553476,-0.05002413402914442,0,0.04209953905793737,-0.027033872873749445
543,-0.08687881150799544,0.0216987754882831,0,-0.06410291458855547,-0.06252664302507437
544,-0.02328528701870084,0.02483756986221916,0,-0.03336664902348027,-0.006765811196580825
545,0.03201190812638566,-0.15294565830605875,0,0.14695855895761972,-0.053106671950571754
546,-0.018122345359409955,0.004179880751303718,0,-0.013076741769663646,-0.01322458426985064
547,-0.0014089789534136336,-0.00263087952992849,0,0.0014984570386312435,-0.0025809640244559423
548,-0.005533703720616295,-0.017649270415177776,0,0.01211085015768829,-0.013980197835283079
549,0.010581066523958845,-0.03182929787834365,0,0.032642128658307706,-0.007717163265556874
550,0.08940499165616331,-0.24481431523702124,0,0.25527977171863636,-0.05253132046018984
551,0.07908008262171827,0.028186166055957747,0,0.01755879823859305,0.08209633383293187
552,0.033324075312350446,-0.1215344455075518,0,0.12091995755327133,-0.03548914348876771
553,0.1487170510999852,-0.19600395725691705,0,0.24490479510749757,0.023578674296949056
554,-0.07341673049462467,0.09058294070638129,0,-0.1156447663856564,-0.014885344172812918
555,-0.13396153962858187,0.0898178042798489,0,-0.14679922865041078,-0.06680507864644547
556,0.014275391568378485,-0.018271654530852197,0,0.023046592329224364,0.002548479102500131
557,-0.05667228048926164,-0.040119752065709,0,0.004366843338691622,-0.06929843115773135
558,0.05939057142342631,-0.04821293077730672,0,0.07222372582370551,0.025208333865622445
559,-0.010433776285385638,-0.045508136780880455,0,0.033241941872713884,-0.03278456193655654
560,-0.020079077532725545,0.007023740301605371,0,-0.01652450632116512,-0.013395632617811423
561,-0.06007680802668968,-0.041008895919619745,0,0.0033349458008557,-0.07266244245638379
562,0.12906271991880663,-0.019161798276806318,0,0.08410432640011942,0.09975380928477628
563,-0.18063558851252035,0.25197778415793076,2,-0.3093006312529389,-0.021333988209869453
564,-0.0417628229126558,0.005180801012437733,0,-0.026347291032512196,-0.03281454451935036
565,-0.03870987429552443,-0.017417068852156423,0,-0.005514902878455895,-0.042087937721124555
566,0.012294947361343388,0.016124597909447726,0,-0.007261670992574341,0.018932419886405837
567,0.015305131792381911,0.0029976983708824415,0,0.005489370163017475,0.014597947455664591
568,-0.09277687902943084,-0.005604514507072746,0,-0.043968833460671736,-0.08188834806863152
569,0.0007864063840978974,0.0034696686392877586,0,-0.0025392367084221858,0.0024918491940741838
570,-0.017182825255376264,-0.029170252130559855,0,0.015794554412780486,-0.029944701434793847
571,-0.0014494643660128185,-0.06500289384271632,0,0.05454975597221018,-0.035380803810090414
572,-0.08509367149108157,-0.012177746970109026,0,-0.03433948892574707,-0.0788037432449665
573,0.2914305988728648,0.16745924350327962,1,0.010603241289477566,0.3359493465810649
574,-0.012856984963563451,-0.019651676701492385,0,0.009967624057046091,-0.02126351170880933
575,0.18605129200907683,0.014750883033678273,0,0.08518525637696905,0.1660606633267195
576,0.011312356680707836,0.0023402859911830056,0,0.00395127211140953,0.010855127861691908
577,-0.03533312499260973,-0.043573171819292725,0,0.018515297983903726,-0.052955025868223676
578,-0.03974980742587671,0.03608125439830751,0,-0.05158311442921534,-0.014868974918673599
579,-0.08416678231984843,0.22367429651485737,0,-0.2345399087328333,0.04588321456793651
580,-0.02847081938444903,0.009592602533435813,0,-0.023118726767464584,-0.019186715519799485
581,-0.04501053264443542,-0.0905575463620704,0,0.053410712846127376,-0.08587149122568469
582,-0.03940022843458543,0.004820152266713091,0,-0.024799290913666575,-0.030993661267284128
583,0.09980494021346614,-0.14007912396052646,0,0.1716235499784363,0.011337731402766255
584,-0.12620373895837803,0.10279393560999943,0,-0.1537653212571305,-0.053387291596021146
585,-0.009100361462466552,-0.07686022350762456,0,0.06062001509669468,-0.048119895116947815
586,0.028449437088321622,-0.005491061827472746,0,0.019617478734413312,0.021323150769535434
587,-0.21669907745329575,0.1968274023092157,2,-0.28131792069253914,-0.08099224633339668
588,0.009577429141610966,-0.046148691561507124,0,0.044299318426756294,-0.016093454219854357
589,-0.0554350733504269,-0.011637329755896219,0,-0.019219018077245124,-0.053283244508580775
590,-0.03645569753711805,-0.03188347925302365,0,0.007978785336871803,-0.047769374255310734
591,9.457299801884273e-05,-0.1719857447561668,0,0.14639295765805532,-0.09026742098626798
592,-0.01745205945238526,-0.05601178395471397,0,0.038492673802017416,-0.04427424064273294
593,0.027979658082527753,0.3159813809365743,2,-0.2541713410957354,0.18979995714065628
594,0.031681643137881896,0.039347096737044326,0,-0.01683751951153023,0.0476279169211636
595,-0.057300102465877634,0.013288921922878309,0,-0.04140859428827041,-0.04177589625061145
596,-0.07322830144560893,-0.10410064997576401,0,0.05011117301751867,-0.11699658027820223
597,-0.026817495630320293,-0.012994922662209462,0,-0.0030303946453083125,-0.029645620168462318
598,-0.1594097364901883,0.0257844976726642,0,-0.10568155975794769,-0.12209714302648621
599,0.013565721220337591,0.006787707182538674,0,0.0013506876860869144,0.015108851835876142
600,-0.009997255016161461,-0.030279230039979604,0,0.02051292567339004,-0.024413044873389814
601,-0.09076588567794099,0.06109245003726515,0,-0.0996650966402721,-0.045139804675496935
602,-0.01001423914768256,-0.016184384930980462,0,0.008510650154631181,-0.01702316466602499
603,-0.049095144218459515,-0.01686582532339111,0,-0.011439568590284135,-0.050635220154934296
604,0.006981434486342617,-0.004194409404013126,0,0.0072365387943800095,0.0037371117207010114
605,0.00666378561377363,0.02549003345430019,0,-0.018188926195074083,0.019060713734743176
606,-0.09509583261647235,-0.031991845142374534,0,-0.02273395813036698,-0.09772339885800392
607,0.008567437983010967,0.0373721566471905,0,-0.027299436250227703,0.02692247883228136
608,-0.039012638861584646,-0.04487922473644918,0,0.017693693470807903,-0.056772035503848434
609,-0.24302097776342707,0.14685844947019772,0,-0.25262663562491977,-0.12963943376425538
610,0.045553269964142704,-0.05323292576891605,0,0.06922621853274816,0.01079701153102967
611,-0.004818439931188193,0.0032854238079657416,0,-0.005326811145436901,-0.0023741221512942863
612,0.03888173933103268,-0.04608193643642179,0,0.05963671476517914,0.008876754539439261
613,-0.023004739755285778,-0.04206568981854151,0,0.02370894808807493,-0.04167284597522877
614,0.039658660315868594,-0.16976579334988753,0,0.16528787821772897,-0.05543601035470868
615,-0.08387754327970885,-0.016266187890311024,0,-0.030221761246242006,-0.07991668337898838
616,0.17748851972142715,-0.16042131822936104,0,0.22974168726414768,0.0667527610542959
617,0.09542730622612478,0.017164986597037107,0,0.035524314700226614,0.0902165761017914
618,0.06855960169137289,0.020351690469957,0,0.018698541161949557,0.06902879723332514
619,-0.070336774576329,0.034008400349704135,0,-0.06588732202879208,-0.04198444888314397
620,0.24443331863172396,0.10349863344810593,1,0.040338845091476935,0.26235928030018135
621,-0.015763970340428625,-0.027403889687119293,0,0.015036906069816315,-0.027809483755101207
622,-0.017297007276278357,-0.10917271095459073,0,0.08380894627123653,-0.0720689100985663
623,-0.05378129041688713,-0.02676202030007556,0,-0.0054805970459951385,-0.059821367298538417
624,0.001237160033230913,-0.07436569137111256,0,0.06392793626123881,-0.03801322905818939
625,-0.06971917723766072,0.13127992998318663,2,-0.14833157196850952,0.009639940271475522
626,-0.06508232045232983,0.0049928469484385824,0,-0.03843760508277652,-0.0527559235689301
627,-0.06342517714424496,0.03329932264446366,0,-0.06165315120130449,-0.03647584037836593
628,-0.11101181209377803,-0.09870536414840166,0,0.02567179633293501,-0.14631244037693159
629,-0.017925532984264816,0.002291713456101213,0,-0.011366703694930595,-0.014049011724904083
630,-0.07056992876503798,-0.08381260059419918,0,0.03424450191639917,-0.10407680314442323
631,0.012026675484154389,-0.003560953942158805,0,0.009347905344288006,0.008362893150911847
632,0.05981423194631074,-0.03094631985200099,0,0.057754063919068746,0.03463935848917432
633,-0.009666568537539387,-0.013829523118491359,0,0.006689528954967287,-0.015490269827749535
634,0.010812615174089742,-0.03834555225714917,0,0.038308470073389035,-0.010943269412975735
635,0.01372415962038824,-0.0707048160546255,0,0.06737258000905169,-0.02546485879655043
636,-0.05293113215764706,0.03192401856788623,0,-0.054970147532136276,-0.028268897985386975
637,0.12975008203216373,0.06560595531204487,1,0.012336232536952985,0.14486905303256964
638,-0.04497524903234455,-0.019832803775252848,0,-0.006750684635487694,-0.04868820584146929
639,0.0869522286967985,0.06766328012064173,0,-0.011897005825057136,0.10953296674710923
640,0.060631072167240035,-0.009309158930683509,0,0.039772031559612696,0.046700887119700045
641,0.09657197718917135,0.070479486331402,0,-0.009239860205668263,0.11919785969195848
642,-0.06219195872283829,-0.016808658819402255,0,-0.018368256412630693,-0.06174931495531057
643,-0.06669510950396454,-0.04369220002218808,0,0.0021414394244906043,-0.0797035771575903
644,-0.019737075769698204,0.008614368504332885,0,-0.01769831641875664,-0.012269030141328185
645,-0.031114018957516608,-0.0088616267377009,0,-0.008804488894659693,-0.031130235775381668
646,-0.0918086663481327,-0.023396622554929306,0,-0.02832084260252065,-0.09041107807057625
647,-0.00871649379296623,0.020262884123123832,0,-0.021820725372430915,0.0032276432967278798
648,0.04938562933093733,0.10503647565566726,0,-0.0634325503209062,0.0972003763488703
649,-0.0024564704946839827,-0.03277652943317192,0,0.026599226450942797,-0.0193084510302174
650,-0.14358534917569482,0.0775716563177892,0,-0.1414345369588203,-0.08142718291231436
651,-0.05669855132105293,-0.02997247550517303,0,-0.004281310696695375,-0.06399019759723071
652,-0.05836853853580193,0.03256976548811356,0,-0.05837600499509729,-0.032556381180476504
653,-0.0246707898035572,-0.042769577823585155,0,0.023432676147616044,-0.043460261680067634
654,0.33966956935549775,0.18247143576551894,1,0.023170305895010818,0.38488229128034823
655,-0.03193511070345045,-0.05510730418935597,0,0.030114783494445824,-0.05612277688908933
656,0.21591457824226984,0.07097257355281543,1,0.0530338626756229,0.2210059291149227
657,-0.13888141347344254,0.15418940985254803,0,-0.20415777262505513,-0.037175596778459885
658,-0.002538848923725906,0.05242279231600982,0,-0.0459404519135323,0.025378530021367054
659,0.027438976311308795,0.013094495352959335,0,0.003272145359150576,0.030226747994281957
660,0.08411887716497819,0.03464784830658868,0,0.014707519607820858,0.0897783256402047
661,0.05417544056474824,0.052888671431738185,0,-0.016543606746642705,0.07388165538218108
662,-0.03219383369777468,0.017996277458250696,0,-0.03222522466350167,-0.017940006296017816
663,-0.017740245964232883,-0.028592061164621162,0,0.015009744326624719,-0.030115276252464893
664,-0.0068071882177601845,-0.03044937634168909,0,0.022333515996198653,-0.021787987384734905
665,-0.05191666300059125,-0.01482672619048014,0,-0.014656851087468567,-0.051964876819292107
666,0.02627035554158321,-0.001379274746131599,0,0.01497402516283764,0.021628974768333645
667,-0.08786975717808221,-0.0682755536548611,0,0.01193599364671849,-0.11063533571639056
668,-0.010486759838119373,-0.029540669137211786,0,0.019627333951535,-0.024441583969365237
669,-0.036051314803788224,-0.015189673413762546,0,-0.006013601747927347,-0.03865566027784197
670,-0.021285320682070737,-0.02181361303642099,0,0.0073796332221854576,-0.029570924972805987
671,-0.0845255120287334,-0.04375471436247165,0,-0.007172069418760425,-0.09490836966734556
672,-0.006731783521826752,-0.05039683438786701,0,0.03934649009802185,-0.03220266359587513
673,0.03520087354575587,-0.055891687143084956,0,0.06605022648138714,0.0005914151183797588
674,-0.006686336275065194,0.023846906294006313,0,-0.023803896084726203,0.0068378771388441315
675,0.0630161169614461,0.03758096029537005,0,0.0011259803190503959,0.07336274082899266
676,-0.08211924722335799,0.08691361259696587,0,-0.11709414556034047,-0.02421792506967213
677,-0.02461482224542936,-0.0236766247357763,0,0.007215816060379899,-0.03338269059910573
678,0.11082475897940174,-0.02549561270838259,0,0.07991298951102448,0.080907772047123
679,-0.07842171979629688,0.09793170258671773,0,-0.12452708470456256,-0.015283641003535103
680,-0.007264480297461897,-0.01467746134706334,0,0.008672912353839587,-0.013891765074653657
681,-0.027355293284007723,-0.05159289809614063,0,0.029530241758288448,-0.050379599306761724
682,-0.015382058950000334,0.0029666690019392048,0,-0.01060488290960192,-0.011530191714884253
683,-0.021821944043328347,-0.037030053298481906,0,0.020045455820654052,-0.03802107034343945
684,0.01828939659578952,0.03594861446280672,0,-0.02098098055454406,0.034447109669803036
685,0.07558898947898925,-0.13138535435115076,0,0.15150481937538335,-0.004700678085624327
686,0.22201214567793684,0.17227982382981896,1,-0.02996564739368464,0.2794132969341872
687,-0.01687352125108632,-0.0007445565679997531,0,-0.008230485934052876,-0.014748870640939632
688,0.027843514590174853,-0.021945189853868577,0,0.033300049853413276,0.012163853921180029
689,-0.08686831489371659,0.06872344012090026,0,-0.10411085336219549,-0.03781462107069562
690,0.35371997381901343,0.23982757961661907,1,-0.01825325264510863,0.4269682735182594
691,-0.05818874397191714,0.02015260086784475,0,-0.047715745817111625,-0.03892640296617162
692,-0.0402817594517112,0.06458092992917591,0,-0.07611303488267702,-0.000350108541803458
693,0.005196218308298998,-0.02467947701561077,0,0.0237295417122887,-0.008543191476041767
694,-0.04084079856684685,-0.060293490727632466,0,0.029849374238567383,-0.0664250759071212
695,-0.013203179088692644,-0.01610376468059207,0,0.006766829827395162,-0.019694293311085076
696,0.06220228344376635,-0.025317877036696704,0,0.054219298051930126,0.039628104698810784
697,-0.1023010333026977,0.02176988441228942,0,-0.0722650536477994,-0.07561211082495173
698,0.03187824765352223,0.004337762885889982,0,0.01305532672917535,0.029404035510589017
699,-0.004406275300418385,0.021138000042268013,0,-0.02030111204166242,0.007354941038639852
700,-0.022097141447472244,0.05656284678286211,0,-0.0597376399775935,0.010911171625382562
701,-0.16892098709189435,0.15066235479329132,0,-0.2169370376003894,-0.06458921542430102
702,0.009482585261107415,-0.0018078092009885995,0,0.006519681769305046,0.007119083295505262
703,-0.030785944040101987,-0.13439408229216698,0,0.09818386494815554,-0.09679603488488771
704,0.08012016912726727,-0.03854543563718243,0,0.07488733362873046,0.04792576938789092
705,0.021270280012706193,-0.0757038800853439,0,0.0755904441845122,-0.021669956617012466
706,-0.007025053560109623,-0.010606758744850203,0,0.005334913292128261,-0.01154960643309279
707,0.08534124424164785,-0.1665466262999359,0,0.18654674347108424,-0.014873439445420356
708,-0.018669491899750104,-0.04657854942080865,0,0.029826357254859482,-0.04035467267674265
709,0.0075049257323319355,-0.03825037974109822,0,0.036489885448106885,-0.013707797801619069
710,0.02000115171278962,-0.07359356073544275,0,0.07312806500921172,-0.021641265202566862
711,-0.09081884313841478,0.13843047397740454,2,-0.16550011350989957,-0.004557501817797238
712,0.020229267774693856,-0.020324374053253814,0,0.027920960695592044,0.006536314649100707
713,0.004490409191695835,-0.001783123800339142,0,0.0038761770135763178,0.0028841908667120017
714,0.19635651903425438,0.13976839524460746,0,-0.015779023035713283,0.24050386547525748
715,-0.004070879147530458,-0.07999064469344074,0,0.06592579916938777,-0.04548476997175678
716,0.004280789539790127,-0.006211188325685867,0,0.0075339149126239565,0.0003796651030254414
717,0.021851473839306603,0.13834245427102343,0,-0.1062370222360508,0.09126782932171093
718,0.2018380423291676,0.10522286555745208,0,0.016495454651019772,0.2270205866066966
719,-0.037663219420541585,-0.0721337665270459,0,0.04159355884450712,-0.06994121984314222
720,-0.02669994041208027,0.18789883366539273,2,-0.17390984562032163,0.07598831559614586
721,-0.06296224189532058,-0.058106329421730385,0,0.016367430369818137,-0.08409932607601958
722,0.010583831217243054,-0.09938207360322879,0,0.09012447596884986,-0.043201769272251805
723,-0.03207763104044176,0.008330314467764208,0,-0.02393937887582433,-0.022918871947333934
724,-0.09332902987965544,0.022779365423315552,0,-0.06841083391615975,-0.06744749891776691
725,-0.017276495299982507,0.018198959377232652,0,-0.02456128154772748,-0.005140317207891317
726,0.005951827695101712,-0.005212939410540595,0,0.007562334479503078,0.002325959464450316
727,-0.09779072085269534,0.006261233118739629,0,-0.05669932129492265,-0.07992130560590285
728,0.20753278668622457,0.14751835042035097,1,-0.016502348059242625,0.2540850128776254
729,0.10412509989799346,-0.21825612667428088,0,0.24041411200256935,-0.02605432804051777
730,0.15702946902865406,0.04670220769730497,1,0.042751959839963403,0.15815062528192986
731,0.0628357154918504,-0.1224277469171841,0,0.1371831843835669,-0.01084685571837022
732,-0.1441136151527953,0.10271028092571184,0,-0.163102590973357,-0.06867081401894438
733,-0.047918026883813115,-0.1350496233386854,0,0.0897418073030664,-0.11171815468552071
734,0.07909364117818625,0.06664859880303918,0,-0.015161898740205779,0.10231303252188306
735,-0.020747097010010703,-0.025644652184566435,0,0.010922218665805963,-0.031125477657804754
736,0.039620484436426365,-0.018364324680560574,0,0.0364397802784433,0.024066026286217776
737,0.009410689845327112,0.007104267766493705,0,-0.001101404176049572,0.011739617229874441
738,-0.0010810926917924697,-0.16767964679026992,0,0.14211128068352802,-0.08900571111791333
739,0.0960506526845188,0.02490992227740824,0,0.029261579233754807,0.0948155688151227
740,0.010096990707239767,-0.012055510519722878,0,0.015562247630691669,0.002258540217544675
741,0.17009124280192828,0.08242905102880405,0,0.019213499904776263,0.18803303101535876
742,0.013858664983306769,-0.11121107491931795,0,0.10191015706746488,-0.04662923617554035
743,0.05546334087794494,0.06873639244811906,0,-0.029351926061387153,0.08330269062048248
744,-0.09718250790571309,-0.04255574627471467,0,-0.01484127383698955,-0.10504840776869191
745,0.013000569695629962,-0.03783155218781521,0,0.03902048622348024,-0.008811515660401836
746,0.01541409914591349,-0.03369383983123237,0,0.036767572286648634,-0.004584203660272894
747,0.0014241759486277711,-0.013621131717872052,0,0.012338419928640317,-0.005943643669736714
748,0.021301487735143773,-0.22402532857325036,0,0.20181408156969488,-0.09955992015999113
749,0.1750856033152914,0.10906140105749011,1,-0.0008244132035063884,0.20627330906293276
750,-0.031147247444833354,0.02279753924740628,0,-0.03576084047024071,-0.014527253972747298
751,0.08163716531762892,0.08223760440329003,0,-0.027090469389903407,0.11266657360248696
752,-0.05377091013005464,-0.03957828506269028,0,0.005430260804799504,-0.06654520037019833
753,0.020760070431011315,-0.06739559023444232,0,0.06825286675535919,-0.017739568400177944
754,-0.049302808862579796,-0.013030613076080486,0,-0.014812055012713553,-0.04879720140724204
755,0.029308067044432985,-0.029498245795285313,0,0.04049633338296691,0.009442260397576755
756,-0.002891767725085676,-0.05051499089757541,0,0.0414642746240149,-0.028997250832833242
757,-0.0779735649720413,-0.055732068760314335,0,0.0064613855114080965,-0.09562526245729482
758,0.19708408255075313,-0.004956013364671346,0,0.1077496914495163,0.1650960376746726
759,-0.053566474922983325,-0.03218226606123129,0,-0.0007556435215001975,-0.06248595432078233
760,-0.04478215852181264,-0.013578029464468415,0,-0.011971459450685175,-0.04523813396495626
761,0.11381710341181536,-0.10657621884185585,0,0.15047670736982272,0.04086054320270061
762,0.06272860420822698,-0.1563498389729997,0,0.16599134416089334,-0.02875801795074192
763,-0.00620963366542671,-0.04313174663814553,0,0.03343889812675915,-0.027941854097110343
764,0.05029166104436287,-0.1626050602316483,0,0.164780534258964,-0.042626661995392626
765,-0.035972047594736906,9.169108299625482e-05,0,-0.018974927850003088,-0.030560574740994245
766,0.008609723033075134,-0.08105239083463513,0,0.07349064186001275,-0.03525255947757624
767,-0.08978053983580987,0.01608975879734314,0,-0.06085452421324017,-0.06794227368984859
768,-0.03433511979013856,0.020442277860380827,0,-0.0354313996953544,-0.018477096383150163
769,-0.019976306191514595,0.003772662320009656,0,-0.013704164562731656,-0.015016046872447317
770,-0.028219272715218256,-0.017064818639277845,0,-0.0003036901400513131,-0.032976403079568
771,-0.06707284986874598,-0.01585105205077156,0,-0.02174712683114735,-0.0653994305420284
772,-0.04198343578939869,0.006518590014865724,0,-0.02760151320493053,-0.03229949481435453
773,0.013022928678192628,-0.09975715930146427,0,0.09172494924058705,-0.04132337341102174
774,-0.026479153161176494,-0.007323069881582148,0,-0.007678855428190612,-0.026378174385967772
775,-0.032524582911059696,-0.051756025049129815,0,0.026953505549875655,-0.05486386024513197
776,-0.028837783637045315,-0.13673896688993697,0,0.10120254701449347,-0.09637015777201757
777,0.12840819734469294,-0.022758911819718508,0,0.0868212878915733,0.09730723087920999
778,-0.03986355975830581,-0.028483034624803682,0,0.003295110058085162,-0.048882807895484985
779,-0.030386184531611866,0.033033042444167715,0,-0.04407046313255632,-0.008502727961621985
780,-0.08045913009107673,-0.02585433073899801,0,-0.02026740908770467,-0.08204480581880813
781,-0.025270826887331333,-0.023499331062387635,0,0.0067203425856582726,-0.033847750995901524
782,-0.03860394183557162,0.0015173810600628789,0,-0.021570644393335264,-0.03205111653253141
783,-0.07578410939473519,0.16914823050652902,2,-0.18373988457473772,0.024372319067030232
784,-0.0018370904358666431,0.0036461654650778606,0,-0.00406759904667683,0.00035222416690637776
785,0.002915367006618016,-0.03038500246654118,0,0.027386212085807937,-0.013481213864713282
786,-0.015419156818745467,0.013041009135873426,0,-0.019196662763112167,-0.006269486026967591
787,0.005777857717579539,-0.05219558898086214,0,0.04744864633625455,-0.02250309111479419
788,-0.03321173913816007,-0.034433903135775046,0,0.011853072685543538,-0.04634887236661053
789,-0.030589021642326502,0.01190245843653652,0,-0.02619692951940531,-0.019775683189804317
790,0.07345511379007758,-0.013278942059419263,0,0.04988668506548039,0.05552749496698221
791,0.014336986210422445,0.0030284921071435235,0,0.004954579501719302,0.013790325594488947
792,-0.016811397613658574,-0.01141880712851181,0,0.0008849064024132585,-0.020303427952482443
793,-0.010614000556306997,0.2181301896373614,2,-0.19118351505127812,0.1055570945587185
794,0.2119305043972785,0.17758957369355793,1,-0.03977984011523704,0.2736241211939304
795,-0.0825088832067776,0.0940798978197344,0,-0.12339664726393591,-0.02078486049558933
796,-0.11333982637546751,0.03380403039838713,0,-0.08830387161326286,-0.07868325725403462
797,0.04010279664298511,-0.14213554377362536,0,0.1420105160481972,-0.040543315529659306
798,0.045966552013409795,-0.22153136456393888,0,0.21264905942508636,-0.07726219589934263
799,-0.034655664271380664,-0.035747679314119526,0,0.012212443843458473,-0.048267668866500614
800,-0.06467955559293027,0.010659073866500562,0,-0.04304743630119989,-0.04943661593681966
801,-0.08452917212817075,0.011654469103081187,0,-0.05432186165187264,-0.06580382160196627
802,-0.03778317437684724,-0.043289449782468105,0,0.01698681308755236,-0.05489073609989789
803,-0.017439979356676027,-0.006047163977358116,0,-0.004016051498819423,-0.018016448109690598
804,-0.0779346951416301,-0.004229240146913281,0,-0.03734213370259488,-0.06853661962466935
805,-0.2834332378680064,0.3167775845434164,0,-0.41844087539526753,-0.07476411034677977
806,-0.08025860168092647,-0.058838613182707035,0,0.007904375081110783,-0.09920154434089701
807,-0.05052691178108325,0.020048369159755247,0,-0.04360212576485349,-0.03246167815879354
808,-0.006860287687651175,-0.020784018976787073,0,0.014081335029393422,-0.016755745157251624
809,-0.06624211327319358,0.0017221456178448914,0,-0.03626381846414859,-0.055460966695748716
810,-0.12673780499373385,0.10676021888069595,0,-0.15742080230331998,-0.05175815445186259
811,-0.014825617932358075,-0.022218975625883833,0,0.011117981573924083,-0.024287287017321673
812,0.014880334133111045,-0.028812405430909266,0,0.03233354405254491,-0.002474061363478478
813,0.015656051690619448,-0.19961512093649578,0,0.17807767816631795,-0.09154042276461517
814,-0.01935629542428649,-0.1370654351956877,0,0.10646117429138377,-0.08847382701361532
815,0.1901215544757674,0.08997417946972674,1,0.023315686686472673,0.20904051569461607
816,0.14931459329222344,-0.10271931052253779,0,0.1658424624691232,0.07309160120304586
817,0.1305672272489823,-0.11844696186574301,0,0.1693767728147709,0.0488773202780763
818,0.08047823937255245,-0.035260721926490025,1,0.07228046132860641,0.04995598496083267
819,0.30730002987971805,0.20115552689301566,1,-0.009732483952623439,0.3671540999632093
820,0.017028028802208113,-0.10161655477622827,0,0.0954110825661285,-0.03889220092818665
821,0.07257493736483855,-0.11123787357729806,0,0.13277790912342274,0.0033185690171026044
822,-0.023136875651693905,-0.04817522817343822,0,0.028838161915637595,-0.04499475571455246
823,0.144841270143381,0.08135727717678487,0,0.006861110198381523,0.1659847139143052
824,-0.04781875956652838,-0.02656397522334127,0,-0.002516865735107447,-0.05464379134923913
825,-0.12898471081166393,-0.009103586970151309,0,-0.060012230571858394,-0.11453585945319392
826,-0.07385829950484399,-0.010785628829989784,0,-0.02962185920082508,-0.06851221535238836
827,-0.05772784621659388,-0.04801855069404648,0,0.010533447043919234,-0.07434602836020478
828,-0.002482453415517385,-0.009272615734840372,0,0.006586014045039237,-0.006983437300124422
829,0.04735800517160005,-0.08521713681805121,0,0.09738976353237123,-0.004469342279191754
830,-0.04606593461603703,-0.011660354196029411,0,-0.01427761190652645,-0.045323106582321485
831,0.07836253526209724,-0.1791680859047503,0,0.19362031865306817,-0.027441977774201598
832,0.02313444147658749,-0.2155961063298745,0,0.1956045175585911,-0.09357219756801181
833,0.029778318123511394,-0.04657260800518436,0,0.05527200159864732,0.0008728607842820937
834,-0.007685290266548193,-0.04753566947396277,0,0.03641101672901919,-0.031510973002717976
835,-0.11709083199218152,0.011412911918226331,0,-0.07122167571087168,-0.09363754804569535
836,-0.056061983547166044,-0.028613287473798057,0,-0.0051034455341014,-0.06273452847500638
837,-0.09180972404789876,0.13797166509967743,0,-0.16563024294880566,-0.005641668268205571
838,-0.008106665386868465,-0.020783093764970395,0,0.013425798151626778,-0.017815806300304726
839,-0.0522389018232942,-0.010452366603961776,0,-0.01854828821643325,-0.04994112369147804
840,-0.020684180210113968,0.011658586760947979,0,-0.020786187251018842,-0.011475729858819592
841,-0.04601607771405091,-0.0665593761956547,0,0.032462350333338455,-0.0741203465896906
842,0.1106216372582773,0.10784645338702477,0,-0.033654948804732195,0.15078245441301336
843,-0.1051844966716882,-0.011872586972917449,0,-0.0451533028837698,-0.0957387899453112
844,-0.08071699572112556,-0.04358954797450271,0,-0.005311912719260466,-0.0915809241825427
845,0.05307584552695876,-0.09290316660396553,0,0.10693354063409925,-0.0036416522213424257
846,-0.03039961667805973,-0.032680755630875066,0,0.011838583058134868,-0.0430350605199247
847,-0.10947271118121261,-0.0041314333591156984,0,-0.053992971152334146,-0.09532104857327799
848,0.033926557426905674,-0.02368191689067551,0,0.03797339317124088,0.016427595609837364
849,0.17517391173101557,0.03936114086730341,1,0.058530174205846136,0.16973337170089633
850,0.08544217793653326,-0.207954894081378,0,0.2218342071605018,-0.036540228193142385
851,0.005071637880029681,0.010351186499311568,0,-0.00614361817767367,0.009753180425719585
852,-0.06235904954808497,0.0036882857206193918,0,-0.03589695524854725,-0.05112399745697942
853,0.3232778556533935,0.2067648750290899,1,-0.0061119948395375046,0.3836964021472354
854,-0.007585942480383119,-0.011072444198674876,0,0.005436519403008043,-0.012271503600992308
855,0.038804408317681616,-0.04403124640942825,0,0.05785115171175251,0.009888225871051978
856,0.30045328803095606,0.12050978365269675,1,0.05529251916432426,0.3189632009638342
857,0.06330243437094972,-0.13087054556435562,0,0.14461236919916426,-0.014884910755697776
858,-0.01084756373751931,-0.038647483852814156,0,0.02718681646831427,-0.029532603297225103
859,-0.021838313185807468,-0.049845934687260764,0,0.030941935393894823,-0.04476746320407397
860,-0.0073855181242229685,-0.03375173233758028,0,0.024839692935713045,-0.02401489056003329
861,0.021755312950178192,-0.22461253515028123,0,0.20255214208025757,-0.09948223121188858
862,0.010824910719375944,-0.021721867968385405,0,0.024169777641640845,-0.002200020198104209
863,0.08265412105667316,-0.25495803087486807,0,0.2603647143371768,-0.06360437691984495
864,0.0002768443077179645,8.547700405891372e-05,0,7.269971830292184e-05,0.0002804707469548337
865,-0.0919218602991104,0.009840243835928606,0,-0.056661672630420976,-0.07304733844790447
866,-0.0010006013203702558,-0.029787148385948793,0,0.024820351671794055,-0.016499259221471992
867,0.2364631280229882,0.1573838178881269,0,-0.00969916465054542,0.2838844892778413
868,-0.05753001829588168,-0.035554646503176364,0,3.179039520449095e-05,-0.06763013294723799
869,-0.00664036020422534,-0.04725010287186668,0,0.03671695183932127,-0.030471823914442767
870,-0.02563013276672363,-0.01722515595743928,0,0.0011928735961572318,-0.0308575234907401
871,0.11952250016970209,0.03159143017391829,0,0.03590653821755477,0.11829778958408847
872,-0.048624235018286686,-0.061903200911348266,0,0.027130271990862827,-0.07389364557176842
873,0.06095392993527504,0.08036128904953196,0,-0.03635926438849658,0.09408146600358783
874,-0.06296203564150178,0.020420140379467475,0,-0.05045091120357685,-0.04284746928311757
875,0.14470621089219948,-0.08264900707660411,0,0.1463436859208958,0.07971368409885769
876,0.0589591077680704,-0.16671692361740614,0,0.17283253365717788,-0.03741155328103131
877,-0.04474363042788131,-0.029961333681242184,0,0.001989391505811667,-0.05381186022859802
878,-0.01125707557186545,-0.010249011651066741,0,0.002807330809200095,-0.014962716464001703
879,-0.040631855087969466,0.014566609435825656,0,-0.03373958623362191,-0.02692162846355373
880,0.05600214872093303,0.02304223337569088,0,0.00981244255163375,0.05975701759184599
881,0.3158204412776551,0.15695510248784456,1,0.03235377242075008,0.3511846931970824
882,0.0008691756985016635,0.016764181396529267,0,-0.01380810392966712,0.00954617777742041
883,0.10320287902220479,0.04532490624844661,0,0.01564761918367847,0.11162586339547341
884,0.26539065563148245,-0.07327543125917216,1,0.2017658697501587,0.18732864897470375
885,0.11294810000324174,-0.1696228297990033,0,0.2036667842443096,0.007001334083286778
886,0.2718256086480043,-0.05183283152322179,1,0.18690070837625208,0.20406844231538562
887,0.0051575286862340294,-0.021253332378985582,0,0.020793898656210882,-0.006776283497330601
888,-0.04072991585694982,-0.03654896108089181,0,0.0097033193994395,-0.053857201880892575
889,-0.2001386717997541,-0.02713090816785628,0,-0.08205145972534528,-0.1845511638671574
890,-0.0959998964426793,0.1658328062794227,2,-0.19153857587210887,0.005428969367945444
891,-0.13713803008974032,0.06547479905915306,0,-0.12775435999688456,-0.08229588149183054
892,-0.033846915892204774,-0.051213993989514955,0,0.025797638819308,-0.05570429720515816
893,0.09845982433267957,0.027644540769829345,0,0.028200273561912605,0.09830209668684675
894,-0.02562927587017835,-0.051640202394456505,0,0.03047720805301792,-0.048935774993997976
895,0.012637096225479988,0.029037491473100575,0,-0.018069559316040516,0.026006982489064787
896,0.1470298491551355,0.02099959117858708,1,0.059369386626111256,0.1361397638601192
897,0.22082897172608026,0.09157414098297047,1,0.03808555529712486,0.2360100602264161
898,0.31187515388970977,-0.030263116190728957,1,0.18958586833425467,0.2494777872742388
899,-0.006114124891068545,-0.007141631030337527,0,0.002864954766980316,-0.008954186235511329
900,-0.004871414485499677,1.0617783076167914e-05,0,-0.002568095854920438,-0.004139526000255826
901,0.015311516096112409,0.016914392750506626,0,-0.006349040319335978,0.021914125451483267
902,-0.04481407942121518,0.034138453381222754,0,-0.052590351632814586,-0.020198777902878613
903,0.02350008864722672,-0.09631236399729713,0,0.09429764328706715,-0.030598694346007805
904,0.2836589752444118,0.04402266275296152,1,0.11155325812552175,0.2644924945516442
905,-0.03808773244151077,-0.04815469695934919,0,0.020966678009850612,-0.05770570695359439
906,0.04677904068065033,0.012099469108799107,0,0.01427857777567587,0.04616056776536331
907,0.005820060331327792,-0.11018477898949793,0,0.09681402246046897,-0.052930177387277025
908,-0.11186272302319557,0.053900311575713275,0,-0.10462791322637352,-0.06686936640957199
909,-0.14428242829729387,0.09634363534881522,0,-0.15777387106932267,-0.07215899663513883
910,-0.035891666172018014,-0.05656587741635787,0,0.02927742300647727,-0.06025564447075314
911,-0.13040404125117838,0.06611358590085412,0,-0.12476039356256427,-0.07623033788081175
912,0.08926700321216098,-0.12842168267861237,0,0.1561683820810445,0.008494873905778202
913,0.08788066672357864,-0.111639704135045,0,0.14116026434831438,0.016131177646256524
914,0.007544274621452367,-0.059938491666075414,0,0.05496504716225094,-0.025067557783310535
915,0.02698753757848557,0.019604070887828038,0,-0.0025040260996463254,0.03326224035174792
916,-0.027065058710924742,-0.1710630077721021,0,0.13134024576119735,-0.11289291330483214
917,0.008625143906328365,-0.004932394541287649,0,0.008727969650286046,0.004748070039445839
918,-0.003035826559602201,0.06990108130804339,2,-0.06107386289975602,0.034137379533811386
919,0.04199087191567768,0.054345797775718234,0,-0.024184302524042748,0.06427922348273732
920,-0.16716315401338727,0.15953836152829703,0,-0.22356623464618341,-0.058430707551463915
921,0.007672753602490717,-0.1332061199539861,0,0.11737622314053016,-0.06344733077367984
922,-0.022443418235762493,-0.040890015013680975,0,0.02300343678991531,-0.04057760768917733
923,0.021657272528388477,-0.02049158136493258,0,0.02881340028367941,0.0076635712495549835
924,0.15188845372285423,0.10274020529668619,1,-0.007631658210169687,0.18321410958681103
925,0.017227868454929636,0.043088827716760994,0,-0.027614257252401478,0.03729476266050319
926,0.06589393495912907,-0.2351268972290237,0,0.2346858385287035,-0.06744794777474777
927,-0.06827042777581808,-0.24030092348746582,0,0.16860894584765826,-0.18432690665706822
928,-0.0681309985909036,0.0897815733582067,0,-0.11218616888862801,-0.010808672155310887
929,0.0374431718483687,0.04371567920326628,0,-0.017528104008433066,0.05482533443709132
930,0.19440874269627928,0.08625708799114042,1,0.028730727169052755,0.21073582937364238
931,0.04474566595592337,-0.04639567201682105,0,0.06298412307318145,0.013701578173109987
932,0.014135625913649367,-0.017872683105884763,0,0.022633684165820463,0.0026391404767276416
933,0.0006064333437722388,-0.07667335873623164,0,0.06556020395676417,-0.039762185031041654
934,-0.07768878723404313,0.015324861169515314,0,-0.05385160660076162,-0.05805517632630314
935,0.0029214509497326358,-0.19739214492757864,0,0.16949637425737316,-0.10120856124047212
936,-0.0778516968633927,0.08975055562915925,2,-0.11726627234285954,-0.0190963428714164
937,0.07377293543241879,0.027802923759443977,0,0.015096939343015942,0.07737913797893192
938,0.014235807310432383,0.022853719728718386,0,-0.011967928057139077,0.024118860114808814
939,-0.03856159835856816,-0.0024402535422546464,0,-0.01818083520185218,-0.03409411879901144
940,-0.0020585610210077246,0.004101558208733103,0,-0.0045714377055512765,0.00040300188721933234
941,-0.1814934255325541,0.22243310067550018,0,-0.2846115965959394,-0.03758439663967278
